,Player,Pos,Tm,Passingyds,Passingtd,Int,Passingatt,Cmp,Rushingatt,Rushingyds,Rushingtd,Rec,Tgt,Receivingyds,Receivingtd,Fl,Pprfantasypoints,Standardfantasypoints,Halfpprfantasypoints
0,Kyle Allen,QB,CAR,261.0,4.0,0.0,26.0,19.0,3.0,-1.0,0.0,0.0,0.0,0.0,0.0,1.0,24.34,24.34,24.34
1,Deshaun Watson,QB,HOU,351.0,3.0,0.0,34.0,25.0,7.0,18.0,0.0,0.0,0.0,0.0,0.0,1.0,25.84,25.84,25.84
2,Patrick Mahomes,QB,KAN,374.0,3.0,0.0,37.0,27.0,4.0,9.0,0.0,0.0,0.0,0.0,0.0,0.0,27.86,27.86,27.86
3,Matt Ryan,QB,ATL,304.0,3.0,1.0,34.0,29.0,2.0,3.0,0.0,0.0,0.0,0.0,0.0,0.0,22.46,22.46,22.46
4,Ryan Fitzpatrick,QB,MIA,29.0,0.0,0.0,2.0,2.0,0.0,0.0,0.0,0.0,0.0,0.0,0.0,0.0,1.16,1.16,1.16
5,Jacoby Brissett,QB,IND,310.0,2.0,0.0,37.0,28.0,3.0,4.0,0.0,0.0,0.0,0.0,0.0,0.0,20.8,20.8,20.8
6,Mitchell Trubisky,QB,CHI,231.0,3.0,1.0,31.0,25.0,1.0,2.0,0.0,0.0,0.0,0.0,0.0,0.0,19.44,19.44,19.44
7,Teddy Bridgewater,QB,NOR,177.0,2.0,0.0,27.0,19.0,3.0,12.0,0.0,0.0,0.0,0.0,0.0,0.0,16.28,16.28,16.28
8,Daniel Jones,QB,NYG,336.0,2.0,0.0,36.0,23.0,4.0,28.0,2.0,0.0,0.0,0.0,0.0,2.0,32.239999999999995,32.239999999999995,32.239999999999995
9,Jameis Winston,QB,TAM,380.0,3.0,1.0,37.0,23.0,4.0,3.0,0.0,0.0,0.0,0.0,0.0,0.0,25.5,25.5,25.5
10,Kirk Cousins,QB,MIN,174.0,1.0,0.0,21.0,15.0,4.0,16.0,0.0,0.0,0.0,0.0,0.0,0.0,12.56,12.56,12.56
11,Gardner Minshew,QB,JAX,204.0,2.0,0.0,30.0,20.0,4.0,18.0,0.0,0.0,0.0,0.0,0.0,0.0,17.96,17.96,17.96
12,Tom Brady,QB,NWE,306.0,2.0,0.0,42.0,28.0,2.0,-1.0,0.0,0.0,0.0,0.0,0.0,0.0,20.14,20.14,20.14
13,Derek Carr,QB,OAK,242.0,2.0,1.0,34.0,27.0,1.0,0.0,0.0,0.0,0.0,0.0,0.0,0.0,15.68,15.68,15.68
14,Russell Wilson,QB,SEA,406.0,2.0,0.0,50.0,32.0,7.0,51.0,2.0,0.0,0.0,0.0,0.0,0.0,41.34,41.34,41.34
15,Philip Rivers,QB,LAC,318.0,2.0,0.0,46.0,31.0,2.0,9.0,0.0,0.0,0.0,0.0,0.0,1.0,19.62,19.62,19.62
16,Aaron Rodgers,QB,GNB,235.0,1.0,0.0,29.0,17.0,1.0,-1.0,0.0,0.0,0.0,0.0,0.0,0.0,13.3,13.3,13.3
17,Carson Wentz,QB,PHI,259.0,2.0,0.0,36.0,19.0,4.0,33.0,0.0,0.0,0.0,0.0,0.0,0.0,21.66,21.66,21.66
18,Dak Prescott,QB,DAL,246.0,2.0,1.0,32.0,19.0,2.0,7.0,1.0,0.0,0.0,0.0,0.0,0.0,22.54,22.54,22.54
19,Matthew Stafford,QB,DET,201.0,1.0,0.0,32.0,18.0,3.0,1.0,0.0,0.0,0.0,0.0,0.0,0.0,12.14,12.14,12.14
20,Jimmy Garoppolo,QB,SFO,277.0,1.0,2.0,32.0,23.0,6.0,3.0,0.0,0.0,0.0,0.0,0.0,1.0,9.38,9.38,9.38
21,Marcus Mariota,QB,TEN,304.0,0.0,0.0,40.0,23.0,6.0,34.0,0.0,0.0,0.0,0.0,0.0,0.0,15.56,15.56,15.56
22,Mason Rudolph,QB,PIT,174.0,2.0,1.0,27.0,14.0,4.0,15.0,0.0,0.0,0.0,0.0,0.0,0.0,14.46,14.46,14.46
23,Josh Allen,QB,BUF,243.0,1.0,1.0,36.0,23.0,9.0,46.0,0.0,0.0,0.0,0.0,0.0,0.0,16.32,16.32,16.32
24,Jared Goff,QB,LAR,268.0,2.0,2.0,38.0,24.0,4.0,14.0,0.0,0.0,0.0,0.0,0.0,1.0,14.119999999999996,14.119999999999996,14.119999999999996
25,Case Keenum,QB,WAS,332.0,2.0,3.0,43.0,30.0,2.0,3.0,0.0,0.0,0.0,0.0,0.0,2.0,11.580000000000002,11.580000000000002,11.580000000000002
26,Joe Flacco,QB,DEN,213.0,0.0,1.0,29.0,20.0,2.0,5.0,0.0,0.0,0.0,0.0,0.0,1.0,5.02,5.02,5.02
27,Kyler Murray,QB,ARI,173.0,2.0,2.0,43.0,30.0,8.0,69.0,0.0,0.0,0.0,0.0,0.0,0.0,17.82,17.82,17.82
28,Lamar Jackson,QB,BAL,267.0,0.0,0.0,43.0,22.0,8.0,46.0,1.0,0.0,0.0,0.0,0.0,0.0,21.28,21.28,21.28
29,Baker Mayfield,QB,CLE,195.0,1.0,1.0,36.0,18.0,1.0,-1.0,0.0,0.0,0.0,0.0,0.0,0.0,9.7,9.7,9.7
30,Andy Dalton,QB,CIN,250.0,1.0,2.0,36.0,20.0,1.0,1.0,1.0,0.0,0.0,0.0,0.0,0.0,16.1,16.1,16.1
31,Josh Rosen,QB,MIA,200.0,0.0,0.0,39.0,18.0,3.0,13.0,0.0,0.0,0.0,0.0,0.0,0.0,9.3,9.3,9.3
32,Luke Falk,QB,NYJ,98.0,0.0,1.0,22.0,12.0,0.0,0.0,0.0,0.0,0.0,0.0,0.0,0.0,1.92,1.92,1.92
33,Jarrett Stidham,QB,NWE,14.0,0.0,1.0,3.0,2.0,0.0,0.0,0.0,0.0,0.0,0.0,0.0,0.0,-1.44,-1.44,-1.44
34,Christian McCaffrey,RB,CAR,0.0,0.0,0.0,0.0,0.0,24.0,153.0,1.0,3.0,4.0,35.0,0.0,0.0,27.8,24.8,26.3
35,Ezekiel Elliott,RB,DAL,0.0,0.0,0.0,0.0,0.0,19.0,125.0,0.0,2.0,3.0,14.0,0.0,0.0,15.9,13.9,14.9
36,Dalvin Cook,RB,MIN,0.0,0.0,0.0,0.0,0.0,16.0,110.0,1.0,4.0,5.0,33.0,0.0,0.0,24.3,20.3,22.3
37,Mark Ingram,RB,BAL,0.0,0.0,0.0,0.0,0.0,16.0,103.0,3.0,4.0,4.0,32.0,0.0,0.0,35.5,31.5,33.5
38,Tony Pollard,RB,DAL,0.0,0.0,0.0,0.0,0.0,13.0,103.0,1.0,3.0,3.0,25.0,0.0,0.0,21.8,18.8,20.3
39,Nick Chubb,RB,CLE,0.0,0.0,0.0,0.0,0.0,23.0,96.0,0.0,4.0,7.0,35.0,0.0,0.0,17.1,13.1,15.1
40,Devonta Freeman,RB,ATL,0.0,0.0,0.0,0.0,0.0,16.0,88.0,0.0,3.0,4.0,7.0,0.0,0.0,12.5,9.5,11.0
41,Phillip Lindsay,RB,DEN,0.0,0.0,0.0,0.0,0.0,21.0,81.0,2.0,4.0,5.0,49.0,0.0,0.0,29.0,25.0,27.0
42,Ronald Jones,RB,TAM,0.0,0.0,0.0,0.0,0.0,14.0,80.0,0.0,1.0,1.0,41.0,0.0,0.0,13.1,12.1,12.6
43,Raheem Mostert,RB,SFO,0.0,0.0,0.0,0.0,0.0,12.0,79.0,0.0,0.0,0.0,0.0,0.0,1.0,5.9,5.9,5.9
44,Frank Gore,RB,BUF,0.0,0.0,0.0,0.0,0.0,14.0,76.0,1.0,2.0,2.0,13.0,0.0,0.0,16.9,14.9,15.9
45,Marlon Mack,RB,IND,0.0,0.0,0.0,0.0,0.0,16.0,74.0,1.0,2.0,3.0,14.0,0.0,0.0,16.8,14.8,15.8
46,Alvin Kamara,RB,NOR,0.0,0.0,0.0,0.0,0.0,16.0,69.0,1.0,9.0,10.0,92.0,1.0,0.0,37.1,28.1,32.599999999999994
47,Matt Breida,RB,SFO,0.0,0.0,0.0,0.0,0.0,14.0,68.0,0.0,2.0,3.0,20.0,0.0,0.0,10.8,8.8,9.8
48,David Montgomery,RB,CHI,0.0,0.0,0.0,0.0,0.0,13.0,67.0,0.0,3.0,3.0,14.0,0.0,0.0,11.1,8.1,9.6
49,Leonard Fournette,RB,JAX,0.0,0.0,0.0,0.0,0.0,15.0,66.0,0.0,6.0,8.0,26.0,0.0,0.0,15.2,9.2,12.2
50,Royce Freeman,RB,DEN,0.0,0.0,0.0,0.0,0.0,15.0,63.0,0.0,4.0,5.0,10.0,0.0,0.0,11.3,7.3,9.3
51,Darrel Williams,RB,KAN,0.0,0.0,0.0,0.0,0.0,9.0,62.0,0.0,5.0,5.0,47.0,0.0,0.0,15.9,10.9,13.4
52,Joe Mixon,HB,CIN,0.0,0.0,0.0,0.0,0.0,15.0,60.0,0.0,2.0,2.0,34.0,1.0,0.0,17.4,15.4,16.4
53,Jamaal Williams,RB,GNB,0.0,0.0,0.0,0.0,0.0,12.0,59.0,0.0,2.0,2.0,27.0,0.0,0.0,10.6,8.600000000000001,9.6
54,Alexander Mattison,RB,MIN,0.0,0.0,0.0,0.0,0.0,12.0,58.0,1.0,0.0,0.0,0.0,0.0,0.0,11.8,11.8,11.8
55,LeSean McCoy,RB,KAN,0.0,0.0,0.0,0.0,0.0,8.0,54.0,1.0,3.0,3.0,26.0,1.0,0.0,23.0,20.0,21.5
56,Gus Edwards,RB,BAL,0.0,0.0,0.0,0.0,0.0,7.0,53.0,0.0,2.0,2.0,15.0,0.0,0.0,8.8,6.8,7.8
57,Miles Sanders,RB,PHI,0.0,0.0,0.0,0.0,0.0,13.0,53.0,0.0,2.0,4.0,73.0,0.0,1.0,12.6,10.6,11.6
58,Chris Carson,RB,SEA,0.0,0.0,0.0,0.0,0.0,15.0,52.0,0.0,1.0,1.0,-2.0,0.0,1.0,4.0,3.0,3.5
59,Peyton Barber,RB,TAM,0.0,0.0,0.0,0.0,0.0,13.0,48.0,0.0,2.0,2.0,7.0,0.0,0.0,7.5,5.5,6.5
60,Rex Burkhead,RB,NWE,0.0,0.0,0.0,0.0,0.0,11.0,47.0,1.0,6.0,7.0,22.0,0.0,0.0,18.9,12.9,15.9
61,Derrick Henry,RB,TEN,0.0,0.0,0.0,0.0,0.0,17.0,44.0,1.0,1.0,2.0,2.0,0.0,0.0,11.6,10.6,11.1
62,Josh Jacobs,RB,OAK,0.0,0.0,0.0,0.0,0.0,10.0,44.0,0.0,0.0,0.0,0.0,0.0,0.0,4.4,4.4,4.4
63,J.D. McKissic,RB,DET,0.0,0.0,0.0,0.0,0.0,1.0,44.0,0.0,0.0,0.0,0.0,0.0,0.0,4.4,4.4,4.4
64,James Conner,RB,PIT,0.0,0.0,0.0,0.0,0.0,13.0,43.0,0.0,4.0,4.0,14.0,0.0,1.0,7.699999999999999,3.6999999999999993,5.699999999999999
65,Todd Gurley,RB,LAR,0.0,0.0,0.0,0.0,0.0,14.0,43.0,0.0,0.0,0.0,0.0,0.0,0.0,4.3,4.3,4.3
66,Kenyan Drake,RB,MIA,0.0,0.0,0.0,0.0,0.0,12.0,38.0,0.0,3.0,6.0,34.0,0.0,1.0,8.2,5.199999999999999,6.699999999999999
67,Jordan Howard,RB,PHI,0.0,0.0,0.0,0.0,0.0,11.0,37.0,1.0,0.0,0.0,0.0,0.0,0.0,9.7,9.7,9.7
68,David Johnson,RB,ARI,0.0,0.0,0.0,0.0,0.0,11.0,37.0,0.0,6.0,9.0,28.0,1.0,0.0,18.5,12.5,15.5
69,Adrian Peterson,RB,WAS,0.0,0.0,0.0,0.0,0.0,12.0,37.0,0.0,1.0,3.0,-3.0,0.0,0.0,4.4,3.4000000000000004,3.9
70,Austin Ekeler,RB,LAC,0.0,0.0,0.0,0.0,0.0,9.0,36.0,0.0,7.0,7.0,45.0,0.0,0.0,15.1,8.1,11.6
71,Kerryon Johnson,RB,DET,0.0,0.0,0.0,0.0,0.0,20.0,36.0,1.0,1.0,1.0,7.0,0.0,0.0,11.3,10.3,10.8
72,Le'Veon Bell,RB,NYJ,0.0,0.0,0.0,0.0,0.0,18.0,35.0,0.0,4.0,4.0,28.0,0.0,0.0,10.3,6.3,8.3
73,T.J. Yeldon,RB,BUF,0.0,0.0,0.0,0.0,0.0,8.0,30.0,0.0,2.0,3.0,19.0,0.0,1.0,4.9,2.9000000000000004,3.9
74,Chris Thompson,RB,WAS,0.0,0.0,0.0,0.0,0.0,7.0,29.0,0.0,4.0,5.0,79.0,0.0,0.0,14.8,10.8,12.8
75,Mike Boone,RB,MIN,0.0,0.0,0.0,0.0,0.0,3.0,28.0,0.0,0.0,0.0,0.0,0.0,0.0,2.8,2.8,2.8
76,Justin Jackson,RB,LAC,0.0,0.0,0.0,0.0,0.0,5.0,26.0,0.0,4.0,4.0,4.0,0.0,0.0,7.0,3.0,5.0
77,DeAndre Washington,RB,OAK,0.0,0.0,0.0,0.0,0.0,6.0,22.0,0.0,0.0,0.0,0.0,0.0,0.0,2.2,2.2,2.2
78,Sterling Shepard,WR,NYG,0.0,0.0,0.0,0.0,0.0,2.0,21.0,0.0,7.0,9.0,100.0,1.0,0.0,25.1,18.1,21.6
79,Carlos Hyde,RB,HOU,0.0,0.0,0.0,0.0,0.0,10.0,19.0,1.0,0.0,0.0,0.0,0.0,0.0,7.9,7.9,7.9
80,Aaron Jones,RB,GNB,0.0,0.0,0.0,0.0,0.0,10.0,19.0,2.0,1.0,1.0,4.0,0.0,0.0,15.3,14.3,14.8
81,Jeff Wilson,RB,SFO,0.0,0.0,0.0,0.0,0.0,8.0,18.0,2.0,0.0,0.0,0.0,0.0,0.0,13.8,13.8,13.8
82,Robert Woods,WR,LAR,0.0,0.0,0.0,0.0,0.0,2.0,18.0,0.0,3.0,8.0,40.0,0.0,0.0,8.8,5.8,7.3
83,Kalen Ballage,RB,MIA,0.0,0.0,0.0,0.0,0.0,8.0,17.0,0.0,1.0,3.0,10.0,0.0,0.0,3.7,2.7,3.2
84,Chase Edmonds,RB,ARI,0.0,0.0,0.0,0.0,0.0,3.0,15.0,0.0,1.0,2.0,10.0,0.0,0.0,3.5,2.5,3.0
85,Jalen Richard,RB,OAK,0.0,0.0,0.0,0.0,0.0,2.0,15.0,0.0,3.0,3.0,14.0,0.0,0.0,5.9,2.9,4.4
86,Cordarrelle Patterson,WR,CHI,0.0,0.0,0.0,0.0,0.0,4.0,14.0,0.0,1.0,1.0,6.0,0.0,0.0,3.0,2.0,2.5
87,Wayne Gallman,RB,NYG,0.0,0.0,0.0,0.0,0.0,5.0,13.0,0.0,0.0,0.0,0.0,0.0,0.0,1.3,1.3,1.3
88,Dion Lewis,RB,TEN,0.0,0.0,0.0,0.0,0.0,3.0,13.0,0.0,1.0,1.0,7.0,0.0,0.0,3.0,2.0,2.5
89,Breshad Perriman,WR,TAM,0.0,0.0,0.0,0.0,0.0,1.0,13.0,0.0,1.0,2.0,6.0,0.0,0.0,2.9,1.9,2.4
90,Phillip Dorsett,WR,NWE,0.0,0.0,0.0,0.0,0.0,2.0,12.0,0.0,6.0,7.0,53.0,1.0,0.0,18.5,12.5,15.5
91,D.J. Moore,WR,CAR,0.0,0.0,0.0,0.0,0.0,1.0,12.0,0.0,1.0,2.0,52.0,1.0,0.0,13.4,12.4,12.9
92,Sony Michel,RB,NWE,0.0,0.0,0.0,0.0,0.0,9.0,11.0,1.0,0.0,0.0,0.0,0.0,0.0,7.1,7.1,7.1
93,Saquon Barkley,RB,NYG,0.0,0.0,0.0,0.0,0.0,8.0,10.0,0.0,4.0,5.0,27.0,0.0,0.0,7.7,3.7,5.7
94,Isaiah McKenzie,WR,BUF,0.0,0.0,0.0,0.0,0.0,3.0,10.0,0.0,1.0,1.0,9.0,0.0,0.0,2.9,1.9,2.4
95,Johnny Holton,WR,PIT,0.0,0.0,0.0,0.0,0.0,1.0,9.0,0.0,0.0,0.0,0.0,0.0,0.0,0.9,0.9,0.9
96,Dawson Knox,TE,BUF,0.0,0.0,0.0,0.0,0.0,1.0,9.0,0.0,3.0,4.0,67.0,1.0,0.0,16.6,13.6,15.1
97,Brandin Cooks,WR,LAR,0.0,0.0,0.0,0.0,0.0,1.0,8.0,0.0,8.0,12.0,112.0,0.0,0.0,20.0,12.0,16.0
98,Darwin Thompson,RB,KAN,0.0,0.0,0.0,0.0,0.0,3.0,8.0,0.0,0.0,0.0,0.0,0.0,0.0,0.8,0.8,0.8
99,Malcolm Brown,RB,LAR,0.0,0.0,0.0,0.0,0.0,3.0,7.0,0.0,0.0,0.0,0.0,0.0,0.0,0.7,0.7,0.7
100,Taylor Gabriel,WR,CHI,0.0,0.0,0.0,0.0,0.0,1.0,7.0,0.0,6.0,7.0,75.0,3.0,0.0,32.2,26.2,29.2
101,Mecole Hardman,WR,KAN,0.0,0.0,0.0,0.0,0.0,1.0,7.0,0.0,2.0,5.0,97.0,1.0,0.0,18.4,16.4,17.4
102,Darren Waller,TE,OAK,0.0,0.0,0.0,0.0,0.0,1.0,7.0,0.0,13.0,14.0,134.0,0.0,0.0,27.1,14.1,20.6
103,Diontae Johnson,WR,PIT,0.0,0.0,0.0,0.0,0.0,1.0,6.0,0.0,3.0,6.0,52.0,1.0,0.0,14.8,11.8,13.3
104,Benny Snell,RB,PIT,0.0,0.0,0.0,0.0,0.0,3.0,6.0,0.0,0.0,0.0,0.0,0.0,0.0,0.6,0.6,0.6
105,Giovani Bernard,HB,CIN,0.0,0.0,0.0,0.0,0.0,3.0,5.0,0.0,2.0,2.0,7.0,0.0,0.0,3.2,1.2,2.2
106,Reggie Bonnafon,RB,CAR,0.0,0.0,0.0,0.0,0.0,2.0,5.0,0.0,0.0,0.0,0.0,0.0,0.0,0.5,0.5,0.5
107,Taysom Hill,QB,NOR,0.0,0.0,0.0,0.0,0.0,1.0,5.0,0.0,1.0,1.0,5.0,0.0,0.0,2.0,1.0,1.5
108,Ty Johnson,RB,DET,0.0,0.0,0.0,0.0,0.0,4.0,5.0,0.0,1.0,2.0,0.0,0.0,0.0,1.5,0.5,1.0
109,C.J. Prosise,RB,SEA,0.0,0.0,0.0,0.0,0.0,4.0,5.0,0.0,5.0,5.0,38.0,0.0,0.0,9.3,4.3,6.8
110,Alex Armah,FB,CAR,0.0,0.0,0.0,0.0,0.0,1.0,4.0,0.0,1.0,1.0,2.0,0.0,0.0,1.6,0.6000000000000001,1.1
111,John Brown,WR,BUF,0.0,0.0,0.0,0.0,0.0,1.0,4.0,0.0,4.0,5.0,51.0,0.0,0.0,9.5,5.5,7.5
112,Jakeem Grant,WR,MIA,0.0,0.0,0.0,0.0,0.0,1.0,4.0,0.0,4.0,7.0,27.0,0.0,0.0,7.1,3.1,5.1
113,Darren Sproles,RB,PHI,0.0,0.0,0.0,0.0,0.0,2.0,4.0,0.0,0.0,0.0,0.0,0.0,0.0,0.4,0.4,0.4
114,Dede Westbrook,WR,JAX,0.0,0.0,0.0,0.0,0.0,1.0,4.0,0.0,5.0,9.0,46.0,0.0,0.0,10.0,5.0,7.5
115,Keenan Allen,WR,LAC,0.0,0.0,0.0,0.0,0.0,1.0,3.0,0.0,13.0,17.0,183.0,2.0,0.0,43.6,30.6,37.1
116,Nyheim Hines,RB,IND,0.0,0.0,0.0,0.0,0.0,2.0,3.0,0.0,3.0,4.0,26.0,0.0,0.0,5.9,2.9,4.4
117,Mike Davis,RB,CHI,0.0,0.0,0.0,0.0,0.0,1.0,2.0,0.0,0.0,0.0,0.0,0.0,0.0,0.2,0.2,0.2
118,Duke Johnson,RB,HOU,0.0,0.0,0.0,0.0,0.0,2.0,2.0,0.0,2.0,3.0,22.0,0.0,0.0,4.4,2.4000000000000004,3.4000000000000004
119,Latavius Murray,RB,NOR,0.0,0.0,0.0,0.0,0.0,2.0,2.0,0.0,0.0,0.0,0.0,0.0,0.0,0.2,0.2,0.2
120,Mohamed Sanu,WR,ATL,0.0,0.0,0.0,0.0,0.0,1.0,2.0,0.0,6.0,6.0,75.0,0.0,0.0,13.7,7.7,10.7
121,Josh Gordon,WR,NWE,0.0,0.0,0.0,0.0,0.0,1.0,1.0,0.0,6.0,11.0,83.0,0.0,0.0,14.4,8.4,11.4
122,Justice Hill,RB,BAL,0.0,0.0,0.0,0.0,0.0,1.0,1.0,0.0,0.0,0.0,0.0,0.0,0.0,0.1,0.1,0.1
123,Ty Montgomery,RB,NYJ,0.0,0.0,0.0,0.0,0.0,2.0,1.0,0.0,0.0,0.0,0.0,0.0,0.0,0.1,0.1,0.1
124,Adam Thielen,WR,MIN,0.0,0.0,0.0,0.0,0.0,1.0,1.0,1.0,3.0,5.0,55.0,1.0,0.0,20.6,17.6,19.1
125,Zach Line,FB,NOR,0.0,0.0,0.0,0.0,0.0,1.0,0.0,0.0,0.0,0.0,0.0,0.0,0.0,0.0,0.0,0.0
126,Ito Smith,RB,ATL,0.0,0.0,0.0,0.0,0.0,1.0,0.0,0.0,0.0,0.0,0.0,0.0,0.0,0.0,0.0,0.0
127,Derek Watt,FB,LAC,0.0,0.0,0.0,0.0,0.0,1.0,-1.0,0.0,0.0,0.0,0.0,0.0,0.0,-0.1,-0.1,-0.1
128,Brandon Bolden,RB,NWE,0.0,0.0,0.0,0.0,0.0,2.0,-2.0,0.0,2.0,3.0,21.0,0.0,0.0,3.9,1.9,2.9000000000000004
129,Tarik Cohen,RB,CHI,0.0,0.0,0.0,0.0,0.0,4.0,-2.0,0.0,2.0,4.0,26.0,0.0,0.0,4.4,2.4,3.4
130,Sean Mannion,QB,MIN,0.0,0.0,0.0,0.0,0.0,2.0,-2.0,0.0,0.0,0.0,0.0,0.0,0.0,-0.2,-0.2,-0.2
131,Jordan Wilkins,RB,IND,0.0,0.0,0.0,0.0,0.0,3.0,-2.0,0.0,0.0,0.0,0.0,0.0,0.0,-0.2,-0.2,-0.2
132,Mike Evans,WR,TAM,0.0,0.0,0.0,0.0,0.0,0.0,0.0,0.0,8.0,15.0,190.0,3.0,0.0,45.0,37.0,41.0
133,Tyler Lockett,WR,SEA,0.0,0.0,0.0,0.0,0.0,0.0,0.0,0.0,11.0,14.0,154.0,1.0,0.0,32.4,21.4,26.9
134,Julio Jones,WR,ATL,0.0,0.0,0.0,0.0,0.0,0.0,0.0,0.0,8.0,9.0,128.0,1.0,0.0,26.8,18.8,22.8
135,Evan Engram,TE,NYG,0.0,0.0,0.0,0.0,0.0,0.0,0.0,0.0,6.0,8.0,113.0,1.0,0.0,23.3,17.3,20.3
136,Marvin Jones,WR,DET,0.0,0.0,0.0,0.0,0.0,0.0,0.0,0.0,6.0,9.0,101.0,1.0,0.0,22.1,16.1,19.1
137,Cooper Kupp,WR,LAR,0.0,0.0,0.0,0.0,0.0,0.0,0.0,0.0,11.0,12.0,101.0,2.0,0.0,33.1,22.1,27.6
138,Marquez Valdes-Scantling,WR,GNB,0.0,0.0,0.0,0.0,0.0,0.0,0.0,0.0,6.0,10.0,99.0,1.0,0.0,21.9,15.9,18.9
139,Adam Humphries,WR,TEN,0.0,0.0,0.0,0.0,0.0,0.0,0.0,0.0,6.0,9.0,93.0,0.0,0.0,15.3,9.3,12.3
140,Travis Kelce,TE,KAN,0.0,0.0,0.0,0.0,0.0,0.0,0.0,0.0,7.0,8.0,89.0,0.0,0.0,15.9,8.9,12.4
141,Kenny Stills,WR,HOU,0.0,0.0,0.0,0.0,0.0,0.0,0.0,0.0,4.0,6.0,89.0,0.0,0.0,12.9,8.9,10.9
142,Amari Cooper,WR,DAL,0.0,0.0,0.0,0.0,0.0,0.0,0.0,0.0,6.0,7.0,88.0,2.0,0.0,26.8,20.8,23.8
143,Auden Tate,WR,CIN,0.0,0.0,0.0,0.0,0.0,0.0,0.0,0.0,6.0,10.0,88.0,0.0,1.0,12.8,6.800000000000001,9.8
144,Courtland Sutton,WR,DEN,0.0,0.0,0.0,0.0,0.0,0.0,0.0,0.0,5.0,7.0,87.0,0.0,0.0,13.7,8.7,11.2
145,Paul Richardson,WR,WAS,0.0,0.0,0.0,0.0,0.0,0.0,0.0,0.0,8.0,9.0,83.0,1.0,0.0,22.3,14.3,18.3
146,Darius Slayton,WR,NYG,0.0,0.0,0.0,0.0,0.0,0.0,0.0,0.0,3.0,5.0,82.0,0.0,0.0,11.2,8.2,9.7
147,JuJu Smith-Schuster,WR,PIT,0.0,0.0,0.0,0.0,0.0,0.0,0.0,0.0,3.0,7.0,81.0,1.0,0.0,17.1,14.1,15.6
148,DJ Chark,WR,JAX,0.0,0.0,0.0,0.0,0.0,0.0,0.0,0.0,4.0,5.0,76.0,1.0,0.0,17.6,13.6,15.6
149,Greg Olsen,TE,CAR,0.0,0.0,0.0,0.0,0.0,0.0,0.0,0.0,6.0,7.0,75.0,2.0,0.0,25.5,19.5,22.5
150,Jordan Akins,TE,HOU,0.0,0.0,0.0,0.0,0.0,0.0,0.0,0.0,3.0,5.0,73.0,2.0,0.0,22.3,19.3,20.8
151,Terry McLaurin,WR,WAS,0.0,0.0,0.0,0.0,0.0,0.0,0.0,0.0,6.0,8.0,70.0,1.0,0.0,19.0,13.0,16.0
152,Tajae Sharpe,WR,TEN,0.0,0.0,0.0,0.0,0.0,0.0,0.0,0.0,2.0,3.0,70.0,0.0,0.0,9.0,7.0,8.0
153,Tyler Boyd,WR,CIN,0.0,0.0,0.0,0.0,0.0,0.0,0.0,0.0,6.0,11.0,68.0,0.0,0.0,12.8,6.8,9.8
154,Preston Williams,WR,MIA,0.0,0.0,0.0,0.0,0.0,0.0,0.0,0.0,4.0,12.0,68.0,0.0,0.0,10.8,6.8,8.8
155,DeAndre Hopkins,WR,HOU,0.0,0.0,0.0,0.0,0.0,0.0,0.0,0.0,6.0,7.0,67.0,0.0,0.0,12.7,6.7,9.7
156,D.K. Metcalf,WR,SEA,0.0,0.0,0.0,0.0,0.0,0.0,0.0,0.0,2.0,6.0,67.0,0.0,0.0,8.7,6.7,7.7
157,Austin Hooper,TE,ATL,0.0,0.0,0.0,0.0,0.0,0.0,0.0,0.0,6.0,7.0,66.0,2.0,0.0,24.6,18.6,21.6
158,O.J. Howard,TE,TAM,0.0,0.0,0.0,0.0,0.0,0.0,0.0,0.0,3.0,4.0,66.0,0.0,0.0,9.6,6.6,8.1
159,T.Y. Hilton,WR,IND,0.0,0.0,0.0,0.0,0.0,0.0,0.0,0.0,8.0,10.0,65.0,1.0,0.0,20.5,12.5,16.5
160,Zach Ertz,TE,PHI,0.0,0.0,0.0,0.0,0.0,0.0,0.0,0.0,4.0,7.0,64.0,0.0,0.0,10.4,6.4,8.4
161,Delanie Walker,TE,TEN,0.0,0.0,0.0,0.0,0.0,0.0,0.0,0.0,7.0,9.0,64.0,0.0,0.0,13.4,6.4,9.9
162,Sammy Watkins,WR,KAN,0.0,0.0,0.0,0.0,0.0,0.0,0.0,0.0,5.0,8.0,64.0,0.0,0.0,11.4,6.4,8.9
163,Will Dissly,TE,SEA,0.0,0.0,0.0,0.0,0.0,0.0,0.0,0.0,6.0,7.0,62.0,1.0,0.0,18.2,12.2,15.2
164,Julian Edelman,WR,NWE,0.0,0.0,0.0,0.0,0.0,0.0,0.0,0.0,7.0,10.0,62.0,1.0,0.0,19.2,12.2,15.7
165,Mack Hollins,WR,PHI,0.0,0.0,0.0,0.0,0.0,0.0,0.0,0.0,4.0,7.0,62.0,0.0,0.0,10.2,6.2,8.2
166,Jarvis Landry,WR,CLE,0.0,0.0,0.0,0.0,0.0,0.0,0.0,0.0,3.0,9.0,62.0,0.0,0.0,9.2,6.2,7.7
167,Allen Robinson,WR,CHI,0.0,0.0,0.0,0.0,0.0,0.0,0.0,0.0,6.0,7.0,60.0,0.0,0.0,12.0,6.0,9.0
168,Irv Smith,TE,MIN,0.0,0.0,0.0,0.0,0.0,0.0,0.0,0.0,3.0,3.0,60.0,0.0,0.0,9.0,6.0,7.5
169,Christian Kirk,WR,ARI,0.0,0.0,0.0,0.0,0.0,0.0,0.0,0.0,10.0,12.0,59.0,0.0,0.0,15.9,5.9,10.9
170,Nick Boyle,TE,BAL,0.0,0.0,0.0,0.0,0.0,0.0,0.0,0.0,4.0,5.0,58.0,0.0,0.0,9.8,5.8,7.8
171,George Kittle,TE,SFO,0.0,0.0,0.0,0.0,0.0,0.0,0.0,0.0,6.0,8.0,57.0,0.0,0.0,11.7,5.7,8.7
172,Davante Adams,WR,GNB,0.0,0.0,0.0,0.0,0.0,0.0,0.0,0.0,4.0,4.0,56.0,0.0,0.0,9.6,5.6,7.6
173,Odell Beckham,WR,CLE,0.0,0.0,0.0,0.0,0.0,0.0,0.0,0.0,6.0,9.0,56.0,0.0,0.0,11.6,5.6,8.6
174,DeVante Parker,WR,MIA,0.0,0.0,0.0,0.0,0.0,0.0,0.0,0.0,3.0,6.0,56.0,0.0,0.0,8.6,5.6,7.1
175,Michael Thomas,WR,NOR,0.0,0.0,0.0,0.0,0.0,0.0,0.0,0.0,5.0,7.0,54.0,1.0,0.0,16.4,11.4,13.9
176,Jason Witten,TE,DAL,0.0,0.0,0.0,0.0,0.0,0.0,0.0,0.0,3.0,4.0,54.0,0.0,0.0,8.4,5.4,6.9
177,Zach Pascal,WR,IND,0.0,0.0,0.0,0.0,0.0,0.0,0.0,0.0,2.0,3.0,53.0,1.0,0.0,13.3,11.3,12.3
178,Curtis Samuel,WR,CAR,0.0,0.0,0.0,0.0,0.0,0.0,0.0,0.0,5.0,7.0,53.0,1.0,0.0,16.3,11.3,13.8
179,Will Fuller,WR,HOU,0.0,0.0,0.0,0.0,0.0,0.0,0.0,0.0,5.0,7.0,51.0,0.0,0.0,10.1,5.1,7.6
180,Kyle Juszczyk,RB,SFO,0.0,0.0,0.0,0.0,0.0,0.0,0.0,0.0,3.0,3.0,51.0,0.0,0.0,8.1,5.1,6.6
181,Nelson Agholor,WR,PHI,0.0,0.0,0.0,0.0,0.0,0.0,0.0,0.0,8.0,12.0,50.0,2.0,1.0,23.0,15.0,19.0
182,Marquise Brown,WR,BAL,0.0,0.0,0.0,0.0,0.0,0.0,0.0,0.0,2.0,9.0,49.0,0.0,0.0,6.9,4.9,5.9
183,Darren Fells,TE,HOU,0.0,0.0,0.0,0.0,0.0,0.0,0.0,0.0,5.0,6.0,49.0,1.0,0.0,15.9,10.9,13.4
184,Cole Beasley,WR,BUF,0.0,0.0,0.0,0.0,0.0,0.0,0.0,0.0,8.0,10.0,48.0,0.0,0.0,12.8,4.8,8.8
185,Eric Ebron,TE,IND,0.0,0.0,0.0,0.0,0.0,0.0,0.0,0.0,3.0,4.0,47.0,0.0,0.0,7.7,4.7,6.2
186,Willie Snead,WR/RS,BAL,0.0,0.0,0.0,0.0,0.0,0.0,0.0,0.0,3.0,5.0,47.0,0.0,0.0,7.7,4.7,6.2
187,Jack Doyle,TE,IND,0.0,0.0,0.0,0.0,0.0,0.0,0.0,0.0,4.0,4.0,46.0,0.0,0.0,8.6,4.6,6.6
188,Mike Williams,WR,LAC,0.0,0.0,0.0,0.0,0.0,0.0,0.0,0.0,3.0,7.0,45.0,0.0,0.0,7.5,4.5,6.0
189,Corey Davis,WR,TEN,0.0,0.0,0.0,0.0,0.0,0.0,0.0,0.0,3.0,4.0,44.0,0.0,0.0,7.4,4.4,5.9
190,Deebo Samuel,WR,SFO,0.0,0.0,0.0,0.0,0.0,0.0,0.0,0.0,3.0,4.0,44.0,0.0,0.0,7.4,4.4,5.9
191,Demarcus Robinson,WR,KAN,0.0,0.0,0.0,0.0,0.0,0.0,0.0,0.0,3.0,4.0,43.0,1.0,0.0,13.3,10.3,11.8
192,Marquise Goodwin,WR,SFO,0.0,0.0,0.0,0.0,0.0,0.0,0.0,0.0,2.0,2.0,41.0,0.0,0.0,6.1,4.1,5.1
193,Ryan Izzo,TE,NWE,0.0,0.0,0.0,0.0,0.0,0.0,0.0,0.0,1.0,1.0,41.0,0.0,0.0,5.1,4.1,4.6
194,Chris Godwin,WR,TAM,0.0,0.0,0.0,0.0,0.0,0.0,0.0,0.0,3.0,4.0,40.0,0.0,0.0,7.0,4.0,5.5
195,Devin Smith,WR,DAL,0.0,0.0,0.0,0.0,0.0,0.0,0.0,0.0,2.0,5.0,39.0,0.0,0.0,5.9,3.9,4.9
196,Jakobi Meyers,WR,NWE,0.0,0.0,0.0,0.0,0.0,0.0,0.0,0.0,2.0,3.0,38.0,0.0,0.0,5.8,3.8,4.8
197,Jarius Wright,WR,CAR,0.0,0.0,0.0,0.0,0.0,0.0,0.0,0.0,2.0,2.0,38.0,0.0,0.0,5.8,3.8,4.8
198,Danny Amendola,WR,DET,0.0,0.0,0.0,0.0,0.0,0.0,0.0,0.0,4.0,5.0,37.0,0.0,0.0,7.7,3.7,5.7
199,Noah Fant,TE,DEN,0.0,0.0,0.0,0.0,0.0,0.0,0.0,0.0,3.0,3.0,37.0,0.0,1.0,4.7,1.7000000000000002,3.2
200,Seth Roberts,WR,BAL,0.0,0.0,0.0,0.0,0.0,0.0,0.0,0.0,2.0,2.0,37.0,0.0,0.0,5.7,3.7,4.7
201,Larry Fitzgerald,WR,ARI,0.0,0.0,0.0,0.0,0.0,0.0,0.0,0.0,5.0,7.0,36.0,1.0,0.0,14.6,9.6,12.1
202,JJ Nelson,WR,OAK,0.0,0.0,0.0,0.0,0.0,0.0,0.0,0.0,4.0,5.0,36.0,1.0,0.0,13.6,9.6,11.6
203,Zay Jones,WR,BUF,0.0,0.0,0.0,0.0,0.0,0.0,0.0,0.0,2.0,3.0,33.0,0.0,0.0,5.3,3.3,4.3
204,Jaron Brown,WR,SEA,0.0,0.0,0.0,0.0,0.0,0.0,0.0,0.0,3.0,6.0,30.0,0.0,0.0,6.0,3.0,4.5
205,Chris Conley,WR,JAX,0.0,0.0,0.0,0.0,0.0,0.0,0.0,0.0,2.0,3.0,30.0,0.0,0.0,5.0,3.0,4.0
206,Vernon Davis,TE,WAS,0.0,0.0,0.0,0.0,0.0,0.0,0.0,0.0,2.0,4.0,30.0,0.0,0.0,5.0,3.0,4.0
207,Trey Quinn,WR,WAS,0.0,0.0,0.0,0.0,0.0,0.0,0.0,0.0,5.0,7.0,30.0,0.0,0.0,8.0,3.0,5.5
208,Braxton Berrios,WR,NYJ,0.0,0.0,0.0,0.0,0.0,0.0,0.0,0.0,2.0,6.0,29.0,0.0,0.0,4.9,2.9,3.9
209,David Moore,WR,SEA,0.0,0.0,0.0,0.0,0.0,0.0,0.0,0.0,1.0,2.0,29.0,0.0,0.0,3.9,2.9,3.4
210,Tyrell Williams,WR,OAK,0.0,0.0,0.0,0.0,0.0,0.0,0.0,0.0,3.0,3.0,29.0,1.0,0.0,11.9,8.9,10.4
211,Hunter Renfrow,WR,OAK,0.0,0.0,0.0,0.0,0.0,0.0,0.0,0.0,3.0,4.0,28.0,0.0,0.0,5.8,2.8,4.3
212,Danny Vitale,FB,GNB,0.0,0.0,0.0,0.0,0.0,0.0,0.0,0.0,1.0,1.0,27.0,0.0,0.0,3.7,2.7,3.2
213,Damion Ratley,WR,CLE,0.0,0.0,0.0,0.0,0.0,0.0,0.0,0.0,3.0,5.0,26.0,0.0,0.0,5.6,2.6,4.1
214,Mo Alie-Cox,TE,IND,0.0,0.0,0.0,0.0,0.0,0.0,0.0,0.0,2.0,2.0,25.0,0.0,0.0,4.5,2.5,3.5
215,Jamison Crowder,WR,NYJ,0.0,0.0,0.0,0.0,0.0,0.0,0.0,0.0,2.0,5.0,25.0,0.0,0.0,4.5,2.5,3.5
216,Parris Campbell,WR,IND,0.0,0.0,0.0,0.0,0.0,0.0,0.0,0.0,3.0,3.0,24.0,0.0,0.0,5.4,2.4,3.9
217,Steven Sims,WR,WAS,0.0,0.0,0.0,0.0,0.0,0.0,0.0,0.0,2.0,2.0,24.0,0.0,0.0,4.4,2.4,3.4
218,Randall Cobb,WR,DAL,0.0,0.0,0.0,0.0,0.0,0.0,0.0,0.0,2.0,4.0,23.0,0.0,0.0,4.3,2.3,3.3
219,Dontrelle Inman,WR,LAC,0.0,0.0,0.0,0.0,0.0,0.0,0.0,0.0,1.0,3.0,23.0,0.0,0.0,3.3,2.3,2.8
220,Dare Ogunbowale,RB,TAM,0.0,0.0,0.0,0.0,0.0,0.0,0.0,0.0,3.0,3.0,23.0,0.0,0.0,5.3,2.3,3.8
221,Kendrick Bourne,WR,SFO,0.0,0.0,0.0,0.0,0.0,0.0,0.0,0.0,1.0,2.0,22.0,0.0,0.0,3.2,2.2,2.7
222,Richie James,WR,SFO,0.0,0.0,0.0,0.0,0.0,0.0,0.0,0.0,2.0,2.0,22.0,0.0,1.0,2.2,0.2000000000000001,1.2000000000000002
223,John Ross,WR,CIN,0.0,0.0,0.0,0.0,0.0,0.0,0.0,0.0,2.0,6.0,22.0,0.0,1.0,2.2,0.2000000000000001,1.2000000000000002
224,Trey Burton,TE,CHI,0.0,0.0,0.0,0.0,0.0,0.0,0.0,0.0,4.0,4.0,20.0,0.0,0.0,6.0,2.0,4.0
225,Jeff Heuerman,TE,DEN,0.0,0.0,0.0,0.0,0.0,0.0,0.0,0.0,2.0,2.0,20.0,0.0,0.0,4.0,2.0,3.0
226,Dante Pettis,WR,SFO,0.0,0.0,0.0,0.0,0.0,0.0,0.0,0.0,4.0,5.0,20.0,1.0,0.0,12.0,8.0,10.0
227,Jonnu Smith,TE,TEN,0.0,0.0,0.0,0.0,0.0,0.0,0.0,0.0,2.0,3.0,20.0,0.0,0.0,4.0,2.0,3.0
228,Marcedes Lewis,TE,GNB,0.0,0.0,0.0,0.0,0.0,0.0,0.0,0.0,1.0,2.0,19.0,0.0,0.0,2.9,1.9,2.4
229,Nick O'Leary,TE,MIA,0.0,0.0,0.0,0.0,0.0,0.0,0.0,0.0,1.0,1.0,19.0,0.0,0.0,2.9,1.9,2.4
230,Jeremy Sprinkle,TE,WAS,0.0,0.0,0.0,0.0,0.0,0.0,0.0,0.0,2.0,4.0,19.0,0.0,0.0,3.9,1.9,2.9
231,Malik Turner,WR,SEA,0.0,0.0,0.0,0.0,0.0,0.0,0.0,0.0,2.0,3.0,19.0,0.0,0.0,3.9,1.9,2.9
232,Tyler Eifert,TE,CIN,0.0,0.0,0.0,0.0,0.0,0.0,0.0,0.0,1.0,1.0,18.0,0.0,0.0,2.8,1.8,2.3
233,James O'Shaughnessy,TE,JAX,0.0,0.0,0.0,0.0,0.0,0.0,0.0,0.0,2.0,3.0,18.0,1.0,0.0,9.8,7.8,8.8
234,Kenny Golladay,WR,DET,0.0,0.0,0.0,0.0,0.0,0.0,0.0,0.0,2.0,8.0,17.0,0.0,0.0,3.7,1.7,2.7
235,Mark Andrews,TE,BAL,0.0,0.0,0.0,0.0,0.0,0.0,0.0,0.0,3.0,7.0,15.0,0.0,0.0,4.5,1.5,3.0
236,Stefon Diggs,WR,MIN,0.0,0.0,0.0,0.0,0.0,0.0,0.0,0.0,3.0,3.0,15.0,0.0,0.0,4.5,1.5,3.0
237,Gerald Everett,TE,LAR,0.0,0.0,0.0,0.0,0.0,0.0,0.0,0.0,2.0,2.0,15.0,0.0,0.0,3.5,1.5,2.5
238,Ted Ginn,WR,NOR,0.0,0.0,0.0,0.0,0.0,0.0,0.0,0.0,2.0,5.0,15.0,0.0,0.0,3.5,1.5,2.5
239,Anthony Miller,WR,CHI,0.0,0.0,0.0,0.0,0.0,0.0,0.0,0.0,1.0,3.0,15.0,0.0,0.0,2.5,1.5,2.0
240,Logan Thomas,TE,DET,0.0,0.0,0.0,0.0,0.0,0.0,0.0,0.0,1.0,1.0,15.0,0.0,0.0,2.5,1.5,2.0
241,Hayden Hurst,TE,BAL,0.0,0.0,0.0,0.0,0.0,0.0,0.0,0.0,2.0,5.0,14.0,0.0,0.0,3.4,1.4,2.4
242,Ricky Seals-Jones,TE,CLE,0.0,0.0,0.0,0.0,0.0,0.0,0.0,0.0,1.0,2.0,14.0,0.0,0.0,2.4,1.4,1.9
243,James Washington,WR,PIT,0.0,0.0,0.0,0.0,0.0,0.0,0.0,0.0,2.0,5.0,14.0,0.0,0.0,3.4,1.4,2.4
244,Alex Erickson,WR,CIN,0.0,0.0,0.0,0.0,0.0,0.0,0.0,0.0,1.0,1.0,13.0,0.0,0.0,2.3,1.3,1.8
245,Jesse James,TE,DET,0.0,0.0,0.0,0.0,0.0,0.0,0.0,0.0,1.0,1.0,13.0,0.0,0.0,2.3,1.3,1.8
246,KeeSean Johnson,WR,ARI,0.0,0.0,0.0,0.0,0.0,0.0,0.0,0.0,3.0,4.0,13.0,0.0,0.0,4.3,1.3,2.8
247,Lance Kendricks,TE,LAC,0.0,0.0,0.0,0.0,0.0,0.0,0.0,0.0,1.0,2.0,13.0,0.0,0.0,2.3,1.3,1.8
248,Luke Stocker,TE,ATL,0.0,0.0,0.0,0.0,0.0,0.0,0.0,0.0,3.0,4.0,12.0,0.0,0.0,4.2,1.2,2.7
249,Robby Anderson,WR,NYJ,0.0,0.0,0.0,0.0,0.0,0.0,0.0,0.0,3.0,5.0,11.0,0.0,0.0,4.1,1.1,2.6
250,Kyle Rudolph,TE,MIN,0.0,0.0,0.0,0.0,0.0,0.0,0.0,0.0,1.0,1.0,11.0,0.0,0.0,2.1,1.1,1.6
251,JJ Arcega-Whiteside,WR,PHI,0.0,0.0,0.0,0.0,0.0,0.0,0.0,0.0,1.0,3.0,10.0,0.0,0.0,2.0,1.0,1.5
252,Nick Bawden,FB,DET,0.0,0.0,0.0,0.0,0.0,0.0,0.0,0.0,1.0,1.0,10.0,0.0,0.0,2.0,1.0,1.5
253,Deon Cain,WR,IND,0.0,0.0,0.0,0.0,0.0,0.0,0.0,0.0,1.0,3.0,10.0,0.0,0.0,2.0,1.0,1.5
254,Vance McDonald,TE,PIT,0.0,0.0,0.0,0.0,0.0,0.0,0.0,0.0,1.0,2.0,10.0,0.0,0.0,2.0,1.0,1.5
255,Emmanuel Sanders,WR,DEN,0.0,0.0,0.0,0.0,0.0,0.0,0.0,0.0,2.0,5.0,10.0,0.0,0.0,3.0,1.0,2.0
256,Damiere Byrd,WR,ARI,0.0,0.0,0.0,0.0,0.0,0.0,0.0,0.0,2.0,4.0,9.0,0.0,0.0,2.9,0.9,1.9
257,Charles Clay,TE,ARI,0.0,0.0,0.0,0.0,0.0,0.0,0.0,0.0,1.0,1.0,9.0,0.0,0.0,1.9,0.9,1.4
258,Michael Crabtree,WR,ARI,0.0,0.0,0.0,0.0,0.0,0.0,0.0,0.0,2.0,2.0,9.0,0.0,0.0,2.9,0.9,1.9
259,Mike Gesicki,TE,MIA,0.0,0.0,0.0,0.0,0.0,0.0,0.0,0.0,3.0,3.0,9.0,0.0,0.0,3.9,0.9,2.4
260,Nick Vannett,TE,SEA,0.0,0.0,0.0,0.0,0.0,0.0,0.0,0.0,1.0,2.0,9.0,0.0,0.0,1.9,0.9,1.4
261,Geoff Swaim,TE,JAX,0.0,0.0,0.0,0.0,0.0,0.0,0.0,0.0,1.0,2.0,8.0,0.0,0.0,1.8,0.8,1.3
262,Javon Wims,WR,CHI,0.0,0.0,0.0,0.0,0.0,0.0,0.0,0.0,1.0,1.0,8.0,0.0,0.0,1.8,0.8,1.3
263,Cameron Brate,TE,TAM,0.0,0.0,0.0,0.0,0.0,0.0,0.0,0.0,2.0,3.0,7.0,0.0,0.0,2.7,0.7,1.7
264,Jared Cook,TE,NOR,0.0,0.0,0.0,0.0,0.0,0.0,0.0,0.0,1.0,2.0,7.0,0.0,0.0,1.7,0.7,1.2
265,Byron Pringle,WR,KAN,0.0,0.0,0.0,0.0,0.0,0.0,0.0,0.0,1.0,1.0,7.0,0.0,0.0,1.7,0.7,1.2
266,Adam Shaheen,TE,CHI,0.0,0.0,0.0,0.0,0.0,0.0,0.0,0.0,1.0,1.0,7.0,0.0,0.0,1.7,0.7,1.2
267,Justin Hardy,WR,ATL,0.0,0.0,0.0,0.0,0.0,0.0,0.0,0.0,1.0,1.0,6.0,0.0,0.0,1.6,0.6,1.1
268,Chris Hogan,WR,CAR,0.0,0.0,0.0,0.0,0.0,0.0,0.0,0.0,1.0,2.0,6.0,0.0,0.0,1.6,0.6,1.1
269,Allen Hurns,WR,MIA,0.0,0.0,0.0,0.0,0.0,0.0,0.0,0.0,1.0,2.0,6.0,0.0,0.0,1.6,0.6,1.1
270,Calvin Ridley,WR,ATL,0.0,0.0,0.0,0.0,0.0,0.0,0.0,0.0,1.0,1.0,6.0,0.0,0.0,1.6,0.6,1.1
271,Russell Shepard,WR,NYG,0.0,0.0,0.0,0.0,0.0,0.0,0.0,0.0,1.0,5.0,6.0,0.0,0.0,1.6,0.6,1.1
272,Travis Benjamin,WR/PR,LAC,0.0,0.0,0.0,0.0,0.0,0.0,0.0,0.0,2.0,5.0,5.0,0.0,0.0,2.5,0.5,1.5
273,Bennie Fowler,WR,NYG,0.0,0.0,0.0,0.0,0.0,0.0,0.0,0.0,1.0,3.0,5.0,0.0,0.0,1.5,0.5,1.0
274,Ryan Griffin,TE,NYJ,0.0,0.0,0.0,0.0,0.0,0.0,0.0,0.0,1.0,1.0,5.0,0.0,0.0,1.5,0.5,1.0
275,Kenjon Barner,RB,ATL,0.0,0.0,0.0,0.0,0.0,0.0,0.0,0.0,1.0,1.0,4.0,0.0,0.0,1.4,0.4,0.9
276,A.J. Brown,WR,TEN,0.0,0.0,0.0,0.0,0.0,0.0,0.0,0.0,1.0,5.0,4.0,0.0,0.0,1.4,0.4,0.9
277,Josh Hill,TE,NOR,0.0,0.0,0.0,0.0,0.0,0.0,0.0,0.0,1.0,2.0,4.0,0.0,0.0,1.4,0.4,0.9
278,Robert Tonyan,TE,GNB,0.0,0.0,0.0,0.0,0.0,0.0,0.0,0.0,1.0,3.0,4.0,0.0,0.0,1.4,0.4,0.9
279,Rhett Ellison,TE,NYG,0.0,0.0,0.0,0.0,0.0,0.0,0.0,0.0,1.0,1.0,3.0,0.0,0.0,1.3,0.3,0.8
280,Xavier Grimble,TE,PIT,0.0,0.0,0.0,0.0,0.0,0.0,0.0,0.0,1.0,2.0,3.0,0.0,0.0,1.3,0.3,0.8
281,Blake Jarwin,TE,DAL,0.0,0.0,0.0,0.0,0.0,0.0,0.0,0.0,1.0,3.0,3.0,0.0,0.0,1.3,0.3,0.8
282,Tommy Sweeney,TE,BUF,0.0,0.0,0.0,0.0,0.0,0.0,0.0,0.0,1.0,3.0,3.0,0.0,0.0,1.3,0.3,0.8
283,Demetrius Harris,TE,CLE,0.0,0.0,0.0,0.0,0.0,0.0,0.0,0.0,1.0,2.0,2.0,1.0,0.0,7.2,6.2,6.7
284,Blake Bell,TE,KAN,0.0,0.0,0.0,0.0,0.0,0.0,0.0,0.0,1.0,1.0,1.0,0.0,0.0,1.1,0.1,0.6
285,T.J. Hockenson,TE,DET,0.0,0.0,0.0,0.0,0.0,0.0,0.0,0.0,1.0,4.0,1.0,0.0,0.0,1.1,0.1,0.6
286,Foster Moreau,TE,OAK,0.0,0.0,0.0,0.0,0.0,0.0,0.0,0.0,1.0,2.0,1.0,0.0,0.0,1.1,0.1,0.6
287,C.J. Ham,FB,MIN,0.0,0.0,0.0,0.0,0.0,0.0,0.0,0.0,1.0,2.0,0.0,0.0,0.0,1.0,0.0,0.5
288,Geronimo Allison,WR,GNB,0.0,0.0,0.0,0.0,0.0,0.0,0.0,0.0,1.0,3.0,-1.0,0.0,0.0,0.9,-0.1,0.4
289,T.J. Jones,WR,NYG,0.0,0.0,0.0,0.0,0.0,0.0,0.0,0.0,0.0,0.0,0.0,0.0,0.0,0.0,0.0,0.0
290,Nick Martin,C,HOU,0.0,0.0,0.0,0.0,0.0,0.0,0.0,0.0,0.0,0.0,0.0,0.0,0.0,0.0,0.0,0.0
291,Gunner Olszewski,WR,NWE,0.0,0.0,0.0,0.0,0.0,0.0,0.0,0.0,0.0,0.0,0.0,0.0,1.0,-2.0,-2.0,-2.0
292,Deonte Harris,WR/RS,NOR,0.0,0.0,0.0,0.0,0.0,0.0,0.0,0.0,0.0,0.0,0.0,0.0,1.0,-2.0,-2.0,-2.0
293,Chad Beebe,WR,MIN,0.0,0.0,0.0,0.0,0.0,0.0,0.0,0.0,0.0,0.0,0.0,0.0,0.0,0.0,0.0,0.0
294,Bobby McCain,S,MIA,0.0,0.0,0.0,0.0,0.0,0.0,0.0,0.0,0.0,0.0,0.0,0.0,0.0,0.0,0.0,0.0
295,Austin Reiter,C,KAN,0.0,0.0,0.0,0.0,0.0,0.0,0.0,0.0,0.0,0.0,0.0,0.0,0.0,0.0,0.0,0.0
296,Adoree' Jackson,CB,TEN,0.0,0.0,0.0,0.0,0.0,0.0,0.0,0.0,0.0,0.0,0.0,0.0,1.0,-2.0,-2.0,-2.0
