,player,position,team,birthdate,birthyear,birthmonth,birthday,currentyear,age
0,Derrick Henry,RB,TEN,1994-01-04,1994,1,4,2021,27
1,Alvin Kamara,RB,NO,1995-07-25,1995,7,25,2021,26
2,Davante Adams,WR,GB,1992-12-24,1992,12,24,2021,29
3,Dalvin Cook,RB,MIN,1995-08-10,1995,8,10,2021,26
4,Tyreek Hill,WR,KC,1994-03-01,1994,3,1,2021,27
5,Aaron Jones,RB,GB,1994-12-02,1994,12,2,2021,27
6,Austin Ekeler,RB,LAC,1995-05-17,1995,5,17,2021,26
7,Travis Kelce,TE,KC,1989-10-05,1989,10,5,2021,32
8,DeAndre Hopkins,WR,ARI,1992-06-06,1992,6,6,2021,29
9,Calvin Ridley,WR,ATL,1994-12-20,1994,12,20,2021,27
10,Allen Robinson II,WR,CHI,1993-08-24,1993,8,24,2021,28
11,Keenan Allen,WR,LAC,1992-04-27,1992,4,27,2021,29
12,Stefon Diggs,WR,BUF,1993-11-29,1993,11,29,2021,28
13,David Montgomery,RB,CHI,1997-06-07,1997,6,7,2021,24
14,D'Andre Swift,RB,DET,1999-01-14,1999,1,14,2021,22
15,Robert Woods,WR,LAR,1992-04-10,1992,4,10,2021,29
16,Nick Chubb,RB,CLE,1995-12-27,1995,12,27,2021,26
17,A.J. Brown,WR,TEN,1997-06-30,1997,6,30,2021,24
18,Justin Jefferson,WR,MIN,1999-01-16,1999,1,16,2021,22
19,Miles Sanders,RB,PHI,1997-05-01,1997,5,1,2021,24
20,Josh Jacobs,RB,LV,1998-02-11,1998,2,11,2021,23
21,D.K. Metcalf,WR,SEA,1997-12-14,1997,12,14,2021,24
22,Darren Waller,TE,LV,1992-09-13,1992,9,13,2021,29
23,Brandon Aiyuk,WR,SF,1998-03-17,1998,3,17,2021,23
24,Terry McLaurin,WR,WAS,1995-09-15,1995,9,15,2021,26
25,J.K. Dobbins,RB,BAL,1998-12-17,1998,12,17,2021,23
26,Chris Carson,RB,SEA,1994-09-16,1994,9,16,2021,27
27,Jonathan Taylor,RB,IND,1999-01-19,1999,1,19,2021,22
28,Adam Thielen,WR,MIN,1990-08-22,1990,8,22,2021,31
29,Patrick Mahomes II,QB,KC,1995-09-17,1995,9,17,2021,26
30,Mike Evans,WR,TB,1993-08-21,1993,8,21,2021,28
31,David Johnson,RB,HOU,1991-12-16,1991,12,16,2021,30
32,T.J. Hockenson,TE,DET,1997-07-03,1997,7,3,2021,24
33,Diontae Johnson,WR,PIT,1996-07-05,1996,7,5,2021,25
34,Jarvis Landry,WR,CLE,1992-11-28,1992,11,28,2021,29
35,D.J. Moore,WR,CAR,1997-04-14,1997,4,14,2021,24
36,Cooper Kupp,WR,LAR,1993-06-15,1993,6,15,2021,28
37,Kareem Hunt,RB,CLE,1995-08-06,1995,8,6,2021,26
38,Mark Andrews,TE,BAL,1996-09-06,1996,9,6,2021,25
39,Kenyan Drake,RB,LV,1994-01-26,1994,1,26,2021,27
40,Melvin Gordon III,RB,DEN,1993-04-13,1993,4,13,2021,28
41,J.D. McKissic,RB,WAS,1993-08-15,1993,8,15,2021,28
42,Chris Godwin,WR,TB,1996-02-27,1996,2,27,2021,25
43,Brandin Cooks,WR,HOU,1993-09-25,1993,9,25,2021,28
44,Amari Cooper,WR,DAL,1994-06-17,1994,6,17,2021,27
45,Corey Davis,WR,NYJ,1995-01-11,1995,1,11,2021,26
46,Leonard Fournette,RB,TB,1995-01-18,1995,1,18,2021,26
47,Tyler Lockett,WR,SEA,1992-09-28,1992,9,28,2021,29
48,Giovani Bernard,RB,CIN,1991-11-22,1991,11,22,2021,30
49,Marvin Jones Jr.,WR,JAC,1990-03-12,1990,3,12,2021,31
50,Wayne Gallman,RB,NYG,1994-10-01,1994,10,1,2021,27
51,Kyler Murray,QB,ARI,1997-08-07,1997,8,7,2021,24
52,Mike Davis,RB,ATL,1992-05-11,1992,5,11,2021,29
53,Myles Gaskin,RB,MIA,1997-02-15,1997,2,15,2021,24
54,Nyheim Hines,RB,IND,1996-11-12,1996,11,12,2021,25
55,Aaron Rodgers,QB,GB,1983-12-02,1983,12,2,2021,38
56,Tony Pollard,RB,DAL,1997-04-30,1997,4,30,2021,24
57,Darrell Henderson,RB,LAR,1997-08-19,1997,8,19,2021,24
58,Robert Tonyan,TE,GB,1994-04-30,1994,4,30,2021,27
59,Cole Beasley,WR,BUF,1989-04-26,1989,4,26,2021,32
60,Robby Anderson,WR,CAR,1993-05-09,1993,5,9,2021,28
61,Le'Veon Bell,RB,KC,1992-02-18,1992,2,18,2021,29
62,T.Y. Hilton,WR,IND,1989-11-14,1989,11,14,2021,32
63,JuJu Smith-Schuster,WR,PIT,1996-11-22,1996,11,22,2021,25
64,James White,RB,NE,1992-02-03,1992,2,3,2021,29
65,Chase Edmonds,RB,ARI,1996-04-13,1996,4,13,2021,25
66,Hunter Henry,TE,NE,1994-12-07,1994,12,7,2021,27
67,Chase Claypool,WR,PIT,1998-07-07,1998,7,7,2021,23
68,Curtis Samuel,WR,WAS,1996-08-11,1996,8,11,2021,25
69,Deshaun Watson,QB,HOU,1995-09-14,1995,9,14,2021,26
70,Jeff Wilson Jr.,RB,SF,1995-11-16,1995,11,16,2021,26
71,Emmanuel Sanders,WR,BUF,1987-03-17,1987,3,17,2021,34
72,Dallas Goedert,TE,PHI,1995-01-03,1995,1,3,2021,26
73,Jalen Hurts,QB,PHI,1998-08-07,1998,8,7,2021,23
74,Devin Singletary,RB,BUF,1997-09-03,1997,9,3,2021,24
75,Josh Allen,QB,BUF,1996-05-21,1996,5,21,2021,25
76,Antonio Brown,WR,TB,1988-07-10,1988,7,10,2021,33
77,Keke Coutee,WR,HOU,1997-01-14,1997,1,14,2021,24
78,Latavius Murray,RB,NO,1990-01-18,1990,1,18,2021,31
79,Lamar Jackson,QB,BAL,1997-01-07,1997,1,7,2021,24
80,Noah Fant,TE,DEN,1997-11-20,1997,11,20,2021,24
81,CeeDee Lamb,WR,DAL,1999-04-08,1999,4,8,2021,22
82,Marquise Brown,WR,BAL,1997-06-04,1997,6,4,2021,24
83,Tim Patrick,WR,DEN,1993-11-23,1993,11,23,2021,28
84,Tyler Boyd,WR,CIN,1994-11-15,1994,11,15,2021,27
85,Justin Herbert,QB,LAC,1998-03-10,1998,3,10,2021,23
86,Phillip Lindsay,RB,HOU,1994-07-24,1994,7,24,2021,27
87,D.J. Chark Jr.,WR,JAC,1996-09-23,1996,9,23,2021,25
88,Tee Higgins,WR,CIN,1999-01-18,1999,1,18,2021,22
89,Russell Wilson,QB,SEA,1988-11-29,1988,11,29,2021,33
90,Logan Thomas,TE,WAS,1991-07-01,1991,7,1,2021,30
91,Nelson Agholor,WR,NE,1993-05-24,1993,5,24,2021,28
92,Jamaal Williams,RB,DET,1995-04-03,1995,4,3,2021,26
93,Frank Gore,RB,NYJ,1983-05-14,1983,5,14,2021,38
94,Russell Gage,WR,ATL,1996-01-22,1996,1,22,2021,25
95,Ryan Tannehill,QB,TEN,1988-07-27,1988,7,27,2021,33
96,Tom Brady,QB,TB,1977-08-03,1977,8,3,2021,44
97,Gus Edwards,RB,BAL,1995-04-13,1995,4,13,2021,26
98,Salvon Ahmed,RB,MIA,1998-12-30,1998,12,30,2021,23
99,Todd Gurley II,RB,ATL,1994-08-03,1994,8,3,2021,27
100,Sterling Shepard,WR,NYG,1993-02-10,1993,2,10,2021,28
101,Benny Snell Jr.,RB,PIT,1998-02-26,1998,2,26,2021,23
102,Evan Engram,TE,NYG,1994-09-02,1994,9,2,2021,27
103,Jamison Crowder,WR,NYJ,1993-06-17,1993,6,17,2021,28
104,DeVante Parker,WR,MIA,1996-03-16,1996,3,16,2021,25
105,Rob Gronkowski,TE,TB,1989-05-14,1989,5,14,2021,32
106,Julio Jones,WR,ATL,1989-02-08,1989,2,8,2021,32
107,Michael Pittman Jr.,WR,IND,1997-10-05,1997,10,5,2021,24
108,Allen Lazard,WR,GB,1995-12-11,1995,12,11,2021,26
109,Jerry Jeudy,WR,DEN,1999-04-24,1999,4,24,2021,22
110,Jakobi Meyers,WR,NE,1996-11-09,1996,11,9,2021,25
111,Ito Smith,RB,ATL,1995-09-11,1995,9,11,2021,26
112,Kalen Ballage,RB,PIT,1995-12-22,1995,12,22,2021,26
113,Christian Kirk,WR,ARI,1996-11-18,1996,11,18,2021,25
114,Sony Michel,RB,NE,1995-02-17,1995,2,17,2021,26
115,James Robinson,RB,JAC,1998-08-09,1998,8,9,2021,23
116,Matt Ryan,QB,ATL,1985-05-17,1985,5,17,2021,36
117,Malcolm Brown,RB,MIA,1993-05-15,1993,5,15,2021,28
118,Baker Mayfield,QB,CLE,1995-04-14,1995,4,14,2021,26
119,Tua Tagovailoa,QB,MIA,1998-03-02,1998,3,2,2021,23
120,Jalen Reagor,WR,PHI,1999-01-01,1999,1,1,2021,22
121,Darius Slayton,WR,NYG,1997-01-12,1997,1,12,2021,24
122,Carlos Hyde,RB,JAC,1990-09-20,1990,9,20,2021,31
123,Drew Brees,QB,NO,1979-01-15,1979,1,15,2021,42
124,James Conner,RB,PIT,1995-05-05,1995,5,5,2021,26
125,Ezekiel Elliott,RB,DAL,1995-07-22,1995,7,22,2021,26
126,Eric Ebron,TE,PIT,1993-04-10,1993,4,10,2021,28
127,Boston Scott,RB,PHI,1995-04-27,1995,4,27,2021,26
128,Jared Goff,QB,DET,1994-10-14,1994,10,14,2021,27
129,Darnell Mooney,WR,CHI,1997-10-29,1997,10,29,2021,24
130,Mitchell Trubisky,QB,BUF,1994-08-20,1994,8,20,2021,27
131,Austin Hooper,TE,CLE,1994-10-29,1994,10,29,2021,27
132,Ben Roethlisberger,QB,PIT,1982-03-02,1982,3,2,2021,39
133,Kirk Cousins,QB,MIN,1988-08-19,1988,8,19,2021,33
134,Matthew Stafford,QB,LAR,1988-02-07,1988,2,7,2021,33
135,Hayden Hurst,TE,ATL,1993-08-24,1993,8,24,2021,28
136,Sammy Watkins,WR,KC,1993-06-14,1993,6,14,2021,28
137,KJ Hamler,WR,DEN,1999-07-08,1999,7,8,2021,22
138,Michael Gallup,WR,DAL,1996-03-04,1996,3,4,2021,25
139,Chad Hansen,WR,FA,1995-01-18,1995,1,18,2021,26
140,Gabriel Davis,WR,BUF,1999-04-01,1999,4,1,2021,22
141,Denzel Mims,WR,NYJ,1997-10-10,1997,10,10,2021,24
142,Peyton Barber,RB,WAS,1994-06-27,1994,6,27,2021,27
143,Cam Newton,QB,NE,1989-05-11,1989,5,11,2021,32
144,Matt Breida,RB,BUF,1995-02-28,1995,2,28,2021,26
145,Jonnu Smith,TE,NE,1995-08-22,1995,8,22,2021,26
146,Marquez Valdes-Scantling,WR,GB,1994-10-10,1994,10,10,2021,27
147,Laviska Shenault Jr.,WR,JAC,1998-10-05,1998,10,5,2021,23
148,Mike Williams,WR,LAC,1994-10-04,1994,10,4,2021,27
149,Keelan Cole Sr.,WR,NYJ,1993-04-20,1993,4,20,2021,28
150,Ronald Jones II,RB,TB,1997-08-03,1997,8,3,2021,24
151,Darrel Williams,RB,KC,1995-04-15,1995,4,15,2021,26
152,Breshad Perriman,WR,DET,1993-09-10,1993,9,10,2021,28
153,Adrian Peterson,RB,DET,1985-03-21,1985,3,21,2021,36
154,Rashard Higgins,WR,CLE,1994-10-07,1994,10,7,2021,27
155,Teddy Bridgewater,QB,CAR,1992-11-10,1992,11,10,2021,29
156,Dare Ogunbowale,RB,JAC,1994-05-04,1994,5,4,2021,27
157,A.J. Green,WR,ARI,1988-07-31,1988,7,31,2021,33
158,Jared Cook,TE,LAC,1987-04-07,1987,4,7,2021,34
159,Harrison Butker,K,KC,1995-07-14,1995,7,14,2021,26
160,Justin Tucker,K,BAL,1989-11-21,1989,11,21,2021,32
161,Wil Lutz,K,NO,1994-07-07,1994,7,7,2021,27
162,Younghoe Koo,K,ATL,1994-08-03,1994,8,3,2021,27
163,Ryan Succop,K,TB,1986-09-19,1986,9,19,2021,35
164,Jason Sanders,K,MIA,1995-11-16,1995,11,16,2021,26
165,Philip Rivers,QB,IND,1981-12-08,1981,12,8,2021,40
166,Zach Ertz,TE,PHI,1990-11-10,1990,11,10,2021,31
167,Ka'imi Fairbairn,K,HOU,1994-01-29,1994,1,29,2021,27
168,Dalton Schultz,TE,DAL,1996-07-11,1996,7,11,2021,25
169,Devontae Booker,RB,NYG,1992-05-27,1992,5,27,2021,29
170,Derek Carr,QB,LV,1991-03-28,1991,3,28,2021,30
171,Jerick McKinnon,RB,SF,1992-05-03,1992,5,3,2021,29
172,John Brown,WR,LV,1990-04-03,1990,4,3,2021,31
173,Mecole Hardman,WR,KC,1998-03-12,1998,3,12,2021,23
174,Greg Zuerlein,K,DAL,1987-12-27,1987,12,27,2021,34
175,Brian Hill,RB,ATL,1995-11-09,1995,11,9,2021,26
176,Henry Ruggs III,WR,LV,1999-01-24,1999,1,24,2021,22
177,Christian McCaffrey,RB,CAR,1996-06-07,1996,6,7,2021,25
178,Drew Lock,QB,DEN,1996-11-10,1996,11,10,2021,25
179,Hunter Renfrow,WR,LV,1995-12-21,1995,12,21,2021,26
180,Antonio Gibson,RB,WAS,1998-06-23,1998,6,23,2021,23
181,George Kittle,TE,SF,1993-10-09,1993,10,9,2021,28
182,Alexander Mattison,RB,MIN,1998-06-19,1998,6,19,2021,23
183,Clyde Edwards-Helaire,RB,KC,1999-04-11,1999,4,11,2021,22
184,Jordan Wilkins,RB,IND,1994-07-18,1994,7,18,2021,27
185,Jason Myers,K,SEA,1991-05-12,1991,5,12,2021,30
186,Tevin Coleman,RB,NYJ,1993-04-16,1993,4,16,2021,28
187,Kerryon Johnson,RB,DET,1997-06-30,1997,6,30,2021,24
188,Joshua Kelley,RB,LAC,1997-11-20,1997,11,20,2021,24
189,Mason Crosby,K,GB,1984-09-03,1984,9,3,2021,37
190,Jordan Reed,TE,SF,1990-07-03,1990,7,3,2021,31
191,Lynn Bowden Jr.,RB,MIA,1997-10-14,1997,10,14,2021,24
192,Tyler Bass,K,BUF,1997-02-14,1997,2,14,2021,24
193,Damien Harris,RB,NE,1997-02-11,1997,2,11,2021,24
194,Tyler Higbee,TE,LAR,1993-01-01,1993,1,1,2021,28
195,Joe Mixon,RB,CIN,1996-07-24,1996,7,24,2021,25
196,Cody Parkey,K,CLE,1992-02-19,1992,2,19,2021,29
197,Darrynton Evans,RB,TEN,1998-07-09,1998,7,9,2021,23
198,Tyron Johnson,WR,LAC,1996-01-08,1996,1,8,2021,25
199,Duke Johnson Jr.,RB,FA,1993-09-23,1993,9,23,2021,28
200,Andy Dalton,QB,CHI,1987-10-29,1987,10,29,2021,34
201,Josh Reynolds,WR,TEN,1989-04-13,1989,4,13,2021,32
202,Cam Akers,RB,LAR,1999-06-22,1999,6,22,2021,22
203,Cairo Santos,K,CHI,1991-11-12,1991,11,12,2021,30
204,Zach Pascal,WR,IND,1994-12-18,1994,12,18,2021,27
205,Daniel Carlson,K,LV,1995-01-23,1995,1,23,2021,26
206,Devine Ozigbo,RB,JAC,1996-10-02,1996,10,2,2021,25
207,LeSean McCoy,RB,TB,1988-07-12,1988,7,12,2021,33
208,Alfred Morris,RB,NYG,1988-12-12,1988,12,12,2021,33
209,Ty Johnson,RB,NYJ,1997-09-17,1997,9,17,2021,24
210,Jalen Richard,RB,LV,1993-10-15,1993,10,15,2021,28
211,Greg Ward,WR,PHI,1995-07-12,1995,7,12,2021,26
212,Golden Tate,WR,FA,1988-08-02,1988,8,2,2021,33
213,Tre'Quan Smith,WR,NO,1996-01-07,1996,1,7,2021,25
214,Daniel Jones,QB,NYG,1997-05-27,1997,5,27,2021,24
215,Rodrigo Blankenship,K,IND,1997-01-29,1997,1,29,2021,24
216,Cole Kmet,TE,CHI,1999-03-10,1999,3,10,2021,22
217,Irv Smith Jr.,TE,MIN,1998-08-09,1998,8,9,2021,23
218,Samaje Perine,RB,CIN,1995-09-16,1995,9,16,2021,26
219,Jordan Akins,TE,HOU,1992-04-19,1992,4,19,2021,29
220,Kenny Golladay,WR,NYG,1993-11-03,1993,11,3,2021,28
221,Danny Amendola,WR,DET,1985-11-02,1985,11,2,2021,36
222,Gardner Minshew II,QB,JAC,1996-05-16,1996,5,16,2021,25
223,Kendrick Bourne,WR,NE,1995-08-04,1995,8,4,2021,26
224,Anthony Miller,WR,CHI,1994-10-09,1994,10,9,2021,27
225,James Washington,WR,PIT,1996-04-02,1996,4,2,2021,25
226,Mike Nugent,K,ARI,1982-03-02,1982,3,2,2021,39
227,Jaylen Samuels,RB,PIT,1996-07-20,1996,7,20,2021,25
228,La'Mical Perine,RB,NYJ,1998-01-30,1998,1,30,2021,23
229,Marcus Mariota,QB,LV,1993-10-30,1993,10,30,2021,28
230,Trayveon Williams,RB,CIN,1997-10-18,1997,10,18,2021,24
231,Justin Jackson,RB,LAC,1996-04-22,1996,4,22,2021,25
232,Rodney Smith,RB,CAR,1996-02-28,1996,2,28,2021,25
233,Matt Prater,K,ARI,1984-08-10,1984,8,10,2021,37
234,Taysom Hill,QB,NO,1990-08-23,1990,8,23,2021,31
235,Carson Wentz,QB,IND,1992-12-30,1992,12,30,2021,29
236,Dan Arnold,TE,CAR,1995-03-15,1995,3,15,2021,26
237,Robbie Gould,K,SF,1982-12-06,1982,12,6,2021,39
238,Jake Elliott,K,PHI,1995-01-21,1995,1,21,2021,26
239,Donovan Peoples-Jones,WR,CLE,1999-02-19,1999,2,19,2021,22
240,Chris Boswell,K,PIT,1991-03-16,1991,3,16,2021,30
241,Sam Darnold,QB,NYJ,1997-06-05,1997,6,5,2021,24
242,Demarcus Robinson,WR,KC,1994-09-21,1994,9,21,2021,27
243,Joey Slye,K,CAR,1996-04-10,1996,4,10,2021,25
244,Zane Gonzalez,K,FA,1995-05-07,1995,5,7,2021,26
245,Michael Badgley,K,LAC,1995-07-28,1995,7,28,2021,26
246,Larry Fitzgerald,WR,ARI,1983-08-31,1983,8,31,2021,38
247,Mark Ingram II,RB,HOU,1989-12-21,1989,12,21,2021,32
248,Anthony McFarland Jr.,RB,PIT,1998-03-04,1998,3,4,2021,23
249,Alshon Jeffery,WR,FA,1990-02-14,1990,2,14,2021,31
250,Stephen Gostkowski,K,TEN,1984-01-28,1984,1,28,2021,37
251,Matt Gay,K,LAR,1994-03-15,1994,3,15,2021,27
252,Mohamed Sanu,WR,SF,1989-08-22,1989,8,22,2021,32
253,Jalen Guyton,WR,LAC,1997-06-07,1997,6,7,2021,24
254,Buddy Howell,RB,HOU,1996-03-27,1996,3,27,2021,25
255,Willie Snead IV,WR,LV,1992-10-17,1992,10,17,2021,29
256,Trey Burton,TE,IND,1991-10-29,1991,10,29,2021,30
257,Patrick Laird,RB,MIA,1995-08-17,1995,8,17,2021,26
258,Richie James Jr.,WR,SF,1995-09-05,1995,9,5,2021,26
259,Mike Gesicki,TE,MIA,1995-10-03,1995,10,3,2021,26
260,Alec Ingold,RB,LV,1996-07-09,1996,7,9,2021,25
261,Devonta Freeman,RB,BUF,1992-03-15,1992,3,15,2021,29
262,Travis Fulgham,WR,PHI,1995-09-13,1995,9,13,2021,26
263,Rashaad Penny,RB,SEA,1996-02-02,1996,2,2,2021,25
264,Scotty Miller,WR,TB,1997-07-31,1997,7,31,2021,24
265,Patrick Ricard,RB,BAL,1994-05-27,1994,5,27,2021,27
266,Dwayne Haskins,QB,PIT,1997-05-03,1997,5,3,2021,24
267,Collin Johnson,WR,JAC,1997-09-23,1997,9,23,2021,24
268,Josh Adams,RB,NYJ,1996-10-29,1996,10,29,2021,25
269,DeeJay Dallas,RB,SEA,1998-09-16,1998,9,16,2021,23
270,J.J. Taylor,RB,NE,1998-01-04,1998,1,4,2021,23
271,Troymaine Pope,RB,LAC,1993-11-29,1993,11,29,2021,28
272,C.J. Beathard,QB,JAC,1993-11-16,1993,11,16,2021,28
273,Deebo Samuel,WR,SF,1996-01-15,1996,1,15,2021,25
274,Royce Freeman,RB,DEN,1996-02-24,1996,2,24,2021,25
275,N'Keal Harry,WR,NE,1997-12-17,1997,12,17,2021,24
276,Damiere Byrd,WR,NE,1993-01-27,1993,1,27,2021,28
277,DeAndre Washington,RB,MIA,1993-02-22,1993,2,22,2021,28
278,Preston Williams,WR,MIA,1997-03-27,1997,3,27,2021,24
279,Jimmy Graham,TE,CHI,1986-11-24,1986,11,24,2021,35
280,Gerald Everett,TE,SEA,1994-06-25,1994,6,25,2021,27
281,D'Onta Foreman,RB,TEN,1996-04-24,1996,4,24,2021,25
282,Ryan Finley,QB,HOU,1994-12-26,1994,12,26,2021,27
283,Mack Hollins,WR,MIA,1993-09-16,1993,9,16,2021,28
284,Quintez Cephus,WR,DET,1998-04-01,1998,4,1,2021,23
285,Randall Cobb,WR,HOU,1990-08-22,1990,8,22,2021,31
286,Nick Foles,QB,CHI,1989-01-20,1989,1,20,2021,32
287,Ryan Fitzpatrick,QB,WAS,1982-11-24,1982,11,24,2021,39
288,Cam Sims,WR,WAS,1996-01-06,1996,1,6,2021,25
289,Jordan Howard,RB,PHI,1994-11-02,1994,11,2,2021,27
290,Steven Sims,WR,WAS,1997-03-31,1997,3,31,2021,24
291,D'Ernest Johnson,RB,CLE,1996-02-27,1996,2,27,2021,25
292,Ryan Nall,RB,CHI,1995-12-27,1995,12,27,2021,26
293,Malcolm Perry,WR,MIA,1997-04-19,1997,4,19,2021,24
294,Dez Bryant,WR,BAL,1988-11-04,1988,11,4,2021,33
295,Jacoby Brissett,QB,MIA,1992-12-11,1992,12,11,2021,29
296,AJ Dillon,RB,GB,1998-05-02,1998,5,2,2021,23
297,Ke'Shawn Vaughn,RB,TB,1997-05-04,1997,5,4,2021,24
298,Tyler Eifert,TE,JAC,1990-09-08,1990,9,8,2021,31
299,Jeremy McNichols,RB,TEN,1995-12-26,1995,12,26,2021,26
300,Jacob Hollister,TE,BUF,1993-11-18,1993,11,18,2021,28
301,David Moore,WR,CAR,1995-01-15,1995,1,15,2021,26
302,Brandon McManus,K,DEN,1991-07-25,1991,7,25,2021,30
303,Dustin Hopkins,K,WAS,1990-10-01,1990,10,1,2021,31
304,Drew Sample,TE,CIN,1996-04-16,1996,4,16,2021,25
305,Dawson Knox,TE,BUF,1996-11-14,1996,11,14,2021,25
306,Kyle Juszczyk,RB,SF,1991-04-23,1991,4,23,2021,30
307,Julian Edelman,WR,NE,1986-05-22,1986,5,22,2021,35
308,Chris Thompson,RB,JAC,1994-05-09,1994,5,9,2021,27
309,Travis Homer,RB,SEA,1998-08-07,1998,8,7,2021,23
310,Dion Lewis,RB,NYG,1990-09-27,1990,9,27,2021,31
311,Alex Smith,QB,FA,1984-05-07,1984,5,7,2021,37
312,Tyrod Taylor,QB,HOU,1989-08-03,1989,8,3,2021,32
313,Mo Alie-Cox,TE,IND,1993-09-19,1993,9,19,2021,28
314,Jake Luton,QB,JAC,1996-04-11,1996,4,11,2021,25
315,Durham Smythe,TE,MIA,1995-08-09,1995,8,9,2021,26
316,Anthony Firkser,TE,TEN,1995-02-19,1995,2,19,2021,26
317,Adam Shaheen,TE,MIA,1994-10-24,1994,10,24,2021,27
318,Graham Gano,K,NYG,1987-04-09,1987,4,9,2021,34
319,Jack Doyle,TE,IND,1990-05-05,1990,5,5,2021,31
320,Ben DiNucci,QB,DAL,1996-11-24,1996,11,24,2021,25
321,Cameron Brate,TE,TB,1991-07-03,1991,7,3,2021,30
322,Chris Herndon IV,TE,NYJ,1996-02-23,1996,2,23,2021,25
323,James O'Shaughnessy,TE,JAC,1992-01-14,1992,1,14,2021,29
324,Tyler Conklin,TE,MIN,1995-07-30,1995,7,30,2021,26
325,Jakeem Grant,WR,MIA,1992-09-30,1992,9,30,2021,29
326,Will Dissly,TE,SEA,1996-07-08,1996,7,8,2021,25
327,Ross Dwelley,TE,SF,1995-01-26,1995,1,26,2021,26
328,Darwin Thompson,RB,KC,1997-02-12,1997,2,12,2021,24
329,Harrison Bryant,TE,CLE,1998-04-23,1998,4,23,2021,23
330,Ian Thomas,TE,CAR,1996-06-06,1996,6,6,2021,25
331,MyCole Pruitt,TE,TEN,1992-03-24,1992,3,24,2021,29
332,Darren Fells,TE,FA,1986-04-22,1986,4,22,2021,35
333,Marcus Johnson,WR,TEN,1994-08-05,1994,8,5,2021,27
334,Kyle Rudolph,TE,NYG,1989-11-09,1989,11,9,2021,32
335,Andy Isabella,WR,ARI,1996-11-18,1996,11,18,2021,25
336,Mike Boone,RB,DEN,1995-07-30,1995,7,30,2021,26
337,Adam Humphries,WR,WAS,1993-06-24,1993,6,24,2021,28
338,KhaDarel Hodge,WR,CLE,1995-01-03,1995,1,3,2021,26
339,Reggie Bonnafon,RB,CAR,1996-01-04,1996,1,4,2021,25
340,Jameis Winston,QB,NO,1994-01-06,1994,1,6,2021,27
341,Tyler Ervin,RB,GB,1993-10-07,1993,10,7,2021,28
342,Bryce Love,RB,WAS,1997-07-08,1997,7,8,2021,24
343,Corey Clement,RB,PHI,1994-11-02,1994,11,2,2021,27
344,Olabisi Johnson,WR,MIN,1997-03-17,1997,3,17,2021,24
345,Ty Montgomery,RB,NO,1993-01-22,1993,1,22,2021,28
346,Olamide Zaccheaus,WR,ATL,1997-07-23,1997,7,23,2021,24
347,Justice Hill,RB,BAL,1997-11-14,1997,11,14,2021,24
348,Brandon Allen,QB,CIN,1992-09-05,1992,9,5,2021,29
349,Van Jefferson,WR,LAR,1996-07-26,1996,7,26,2021,25
350,Marvin Hall,WR,CLE,1993-04-10,1993,4,10,2021,28
351,Cordarrelle Patterson,WR,CHI,1991-03-17,1991,3,17,2021,30
352,Kenny Stills,WR,BUF,1992-04-22,1992,4,22,2021,29
353,Richard Rodgers,TE,PHI,1992-01-22,1992,1,22,2021,29
354,Ameer Abdullah,RB,MIN,1993-06-13,1993,6,13,2021,28
355,Mike Glennon,QB,NYG,1989-12-12,1989,12,12,2021,32
356,Eno Benjamin,RB,ARI,1999-04-13,1999,4,13,2021,22
357,Isaiah Ford,WR,FA,1996-02-09,1996,2,9,2021,25
358,T.J. Yeldon,RB,BUF,1993-10-02,1993,10,2,2021,28
359,Qadree Ollison,RB,ATL,1996-09-08,1996,9,8,2021,25
360,Dwayne Washington,RB,NO,1994-04-24,1994,4,24,2021,27
361,Dontrelle Inman,WR,WAS,1989-01-31,1989,1,31,2021,32
362,DaeSean Hamilton,WR,DEN,1995-03-10,1995,3,10,2021,26
363,Braxton Berrios,WR,NYJ,1995-10-06,1995,10,6,2021,26
364,Bryan Edwards,WR,LV,1998-11-13,1998,11,13,2021,23
365,Marquez Callaway,WR,NO,1998-03-27,1998,3,27,2021,23
366,DeSean Jackson,WR,LAR,1986-12-01,1986,12,1,2021,35
367,John Ross,WR,NYG,1995-11-27,1995,11,27,2021,26
368,Dontrell Hilliard,RB,HOU,1995-02-26,1995,2,26,2021,26
369,David Njoku,TE,CLE,1996-07-10,1996,7,10,2021,25
370,Miles Boykin,WR,BAL,1996-10-12,1996,10,12,2021,25
371,Devin Duvernay,WR,BAL,1997-09-12,1997,9,12,2021,24
372,Joe Flacco,QB,PHI,1985-01-16,1985,1,16,2021,36
373,John Kelly,RB,CLE,1996-10-04,1996,10,4,2021,25
374,Jarrett Stidham,QB,NE,1996-08-08,1996,8,8,2021,25
375,Jace Sternberger,TE,GB,1996-06-26,1996,6,26,2021,25
376,Jeff Smith,WR,NYJ,1997-04-21,1997,4,21,2021,24
377,Josh Gordon,WR,SEA,1991-04-13,1991,4,13,2021,30
378,Saquon Barkley,RB,NYG,1997-02-09,1997,2,9,2021,24
379,Michael Thomas,WR,NO,1993-03-03,1993,3,3,2021,28
380,Courtland Sutton,WR,DEN,1995-10-10,1995,10,10,2021,26
381,Dak Prescott,QB,DAL,1993-07-29,1993,7,29,2021,28
382,Odell Beckham Jr.,WR,CLE,1992-11-05,1992,11,5,2021,29
383,Will Fuller V,WR,MIA,1994-04-16,1994,4,16,2021,27
384,Joe Burrow,QB,CIN,1996-12-10,1996,12,10,2021,25
385,Raheem Mostert,RB,SF,1992-04-09,1992,4,9,2021,29
386,Zack Moss,RB,BUF,1997-12-15,1997,12,15,2021,24
387,Najee Harris,RB,FA,1998-03-09,1998,3,9,2021,23
388,Travis Etienne,RB,FA,1999-01-26,1999,1,26,2021,22
389,Tarik Cohen,RB,CHI,1995-07-26,1995,7,26,2021,26
390,Ja'Marr Chase,WR,FA,2000-03-01,2000,3,1,2021,21
391,Kyle Pitts,TE,FA,2000-10-06,2000,10,6,2021,21
392,Parris Campbell,WR,IND,1997-07-16,1997,7,16,2021,24
393,Trevor Lawrence,QB,FA,1999-10-06,1999,10,6,2021,22
394,Devonta Smith,WR,FA,1998-11-14,1998,11,14,2021,23
395,Blake Jarwin,TE,DAL,1994-07-16,1994,7,16,2021,27
396,Justin Fields,QB,FA,1999-03-05,1999,3,5,2021,22
397,Kenny Gainwell,RB,FA,1999-03-14,1999,3,14,2021,22
398,Javonte Williams,RB,FA,2000-04-25,2000,4,25,2021,21
399,Rashod Bateman,WR,FA,1999-11-29,1999,11,29,2021,22
400,Jaylen Waddle,WR,FA,1998-11-25,1998,11,25,2021,23
401,Marlon Mack,RB,IND,1996-03-07,1996,3,7,2021,25
402,Adam Trautman,TE,NO,1997-02-05,1997,2,5,2021,24
403,O.J. Howard,TE,TB,1994-11-19,1994,11,19,2021,27
404,Chuba Hubbard,RB,FA,1999-06-11,1999,6,11,2021,22
405,Rondale Moore,WR,FA,2000-06-09,2000,6,9,2021,21
406,Zach Wilson,QB,FA,1999-08-03,1999,8,3,2021,22
407,Jimmy Garoppolo,QB,SF,1991-11-02,1991,11,2,2021,30
408,Terrace Marshall Jr.,WR,FA,2000-06-09,2000,6,9,2021,21
409,Amon-Ra St. Brown,WR,FA,1999-10-24,1999,10,24,2021,22
410,Pat Freiermuth,TE,FA,1998-10-25,1998,10,25,2021,23
411,Brevin Jordan,TE,FA,2000-07-16,2000,7,16,2021,21
412,Tyler Johnson,WR,TB,1998-08-25,1998,8,25,2021,23
413,Trey Lance,QB,FA,2000-05-09,2000,5,9,2021,21
414,Michael Carter,RB,FA,1999-05-07,1999,5,7,2021,22
415,Dan Bailey,K,FA,1988-01-26,1988,1,26,2021,33
416,Albert Okwuegbunam,TE,DEN,1998-04-25,1998,4,25,2021,23
417,Jermar Jefferson,RB,FA,2000-04-15,2000,4,15,2021,21
418,Brett Maher,K,FA,1989-11-21,1989,11,21,2021,32
419,Kadarius Toney,WR,FA,1999-01-27,1999,1,27,2021,22
420,Trey Sermon,RB,FA,1999-01-30,1999,1,30,2021,22
421,Elijah Moore,WR,FA,2000-03-27,2000,3,27,2021,21
422,Tylan Wallace,WR,FA,1999-05-13,1999,5,13,2021,22
423,Damien Williams,RB,FA,1992-04-03,1992,4,3,2021,29
424,Dyami Brown,WR,FA,1999-11-01,1999,11,1,2021,22
425,Kylin Hill,RB,FA,1998-08-18,1998,8,18,2021,23
426,Mac Jones,QB,FA,1998-09-05,1998,9,5,2021,23
427,Adam Vinatieri,K,FA,1972-12-28,1972,12,28,2021,49
428,Matt Bryant,K,FA,1975-05-29,1975,5,29,2021,46
429,Stephen Hauschka,K,FA,1985-06-29,1985,6,29,2021,36
430,Tamorrion Terry,WR,FA,1998-03-21,1998,3,21,2021,23
431,D'Wayne Eskridge,WR,FA,1997-03-23,1997,3,23,2021,24
432,Josh Lambo,K,JAC,1990-11-19,1990,11,19,2021,31
433,Auden Tate,WR,CIN,1997-02-03,1997,2,3,2021,24
434,Rhamondre Stevenson,RB,FA,1998-02-23,1998,2,23,2021,23
435,Randy Bullock,K,DET,1989-12-16,1989,12,16,2021,32
436,Tutu Atwell,WR,FA,1999-10-07,1999,10,7,2021,22
437,Ryquell Armstead,RB,JAC,1996-10-30,1996,10,30,2021,25
438,Dede Westbrook,WR,JAC,1993-11-21,1993,11,21,2021,28
440,Jalen Hurd,WR,SF,1996-01-24,1996,1,24,2021,25
441,JaMycal Hasty,RB,SF,1996-09-12,1996,9,12,2021,25
442,Donald Parham Jr.,TE,LAC,1997-08-16,1997,8,16,2021,24
444,Jaret Patterson,RB,FA,1999-12-23,1999,12,23,2021,22
445,Antonio Gandy-Golden,WR,WAS,1998-04-11,1998,4,11,2021,23
446,Jordan Love,QB,GB,1998-11-02,1998,11,2,2021,23
448,Devin Asiasi,TE,NE,1997-08-14,1997,8,14,2021,24
449,Kyle Trask,QB,FA,1998-03-06,1998,3,6,2021,23
450,JJ Arcega-Whiteside,WR,PHI,1996-12-31,1996,12,31,2021,25
452,Shi Smith,WR,FA,1998-10-26,1998,10,26,2021,23
453,Amari Rodgers,WR,FA,1999-09-23,1999,9,23,2021,22
454,Foster Moreau,TE,LV,1997-05-06,1997,5,6,2021,24
455,Josh Oliver,TE,BAL,1997-03-21,1997,3,21,2021,24
457,Demetric Felton,WR,FA,1998-07-16,1998,7,16,2021,23
458,Nico Collins,WR,FA,1999-03-19,1999,3,19,2021,22
459,Kelvin Harmon,WR,WAS,1997-12-15,1997,12,15,2021,24
460,Sage Surratt,WR,FA,1998-04-13,1998,4,13,2021,23
462,Anthony Schwartz,WR,FA,2000-09-05,2000,9,5,2021,21
463,Rex Burkhead,RB,NE,1990-07-02,1990,7,2,2021,31
464,Tyrell Williams,WR,DET,1992-04-12,1992,4,12,2021,29
467,Kahale Warring,TE,HOU,1997-03-23,1997,3,23,2021,24
470,Brycen Hopkins,TE,LAR,1997-03-27,1997,3,27,2021,24
471,Aldrick Rosas,K,JAC,1994-12-30,1994,12,30,2021,27
472,Dante Pettis,WR,NYG,1995-10-23,1995,10,23,2021,26
474,Derrius Guice,RB,FA,1997-06-21,1997,6,21,2021,24
476,Deonte Harris,WR,NO,1997-12-04,1997,12,4,2021,24
477,Jamie Newman,QB,FA,1997-12-01,1997,12,1,2021,24
478,Tyler Vaughns,WR,FA,1997-06-01,1997,6,1,2021,24
479,Hakeem Butler,WR,PHI,1996-05-16,1996,5,16,2021,25
480,Lamar Miller,RB,WAS,1991-04-25,1991,4,25,2021,30
481,C.J. Uzomah,TE,CIN,1993-01-14,1993,1,14,2021,28
482,KeeSean Johnson,WR,ARI,1996-10-09,1996,10,9,2021,25
483,Dazz Newsome,WR,FA,1999-05-15,1999,5,15,2021,22
484,Kenny Yeboah,TE,FA,1998-10-30,1998,10,30,2021,23
486,Chris Evans,RB,FA,1997-10-05,1997,10,5,2021,24
488,Kyle Allen,QB,WAS,1996-03-08,1996,3,8,2021,25
489,Freddie Swain,WR,SEA,1998-08-04,1998,8,4,2021,23
490,Dalton Keene,TE,NE,1999-04-14,1999,4,14,2021,22
491,Isaiah McKenzie,WR,BUF,1995-04-09,1995,4,9,2021,26
492,Chandler Catanzaro,K,FA,1991-02-26,1991,2,26,2021,30
493,John Hightower,WR,PHI,1996-05-31,1996,5,31,2021,25
495,Robert Griffin III,QB,FA,1990-02-12,1990,2,12,2021,31
496,Kaden Smith,TE,NYG,1997-04-24,1997,4,24,2021,24
497,Jacob Eason,QB,IND,1997-11-17,1997,11,17,2021,24
498,Quez Watkins,WR,PHI,1998-06-09,1998,6,9,2021,23
499,Zay Jones,WR,LV,1995-03-30,1995,3,30,2021,26
500,Geronimo Allison,WR,DET,1994-01-18,1994,1,18,2021,27
501,Devin Funchess,WR,GB,1994-05-21,1994,5,21,2021,27
502,Phillip Walker,QB,CAR,1995-02-26,1995,2,26,2021,26
503,Ryan Griffin,TE,NYJ,1990-01-11,1990,1,11,2021,31
504,Bo Scarbrough,RB,SEA,1996-09-29,1996,9,29,2021,25
505,Chris Conley,WR,HOU,1992-10-25,1992,10,25,2021,29
506,Ihmir Smith-Marsette,WR,FA,1999-08-29,1999,8,29,2021,22
507,Mason Rudolph,QB,PIT,1995-07-17,1995,7,17,2021,26
508,John Wolford,QB,LAR,1995-10-16,1995,10,16,2021,26
509,Isaiah Coulter,WR,HOU,1998-09-18,1998,9,18,2021,23
510,Taylor Heinicke,QB,WAS,1993-03-15,1993,3,15,2021,28
511,Ashton Dulin,WR,IND,1997-05-15,1997,5,15,2021,24
512,Kellen Mond,QB,FA,1999-06-22,1999,6,22,2021,22
513,Cedrick Wilson,WR,DAL,1995-11-20,1995,11,20,2021,26
514,Maxx Williams,TE,ARI,1994-04-12,1994,4,12,2021,27
515,Jason Huntley,RB,PHI,1998-04-20,1998,4,20,2021,23
516,Albert Wilson,WR,MIA,1992-07-12,1992,7,12,2021,29
517,Ricky Seals-Jones,TE,KC,1995-03-15,1995,3,15,2021,26
518,Chad Henne,QB,KC,1985-07-02,1985,7,2,2021,36
519,K.J. Hill,WR,LAC,1997-09-15,1997,9,15,2021,24
520,Jaeden Graham,TE,ATL,1995-10-10,1995,10,10,2021,26
521,Lil'Jordan Humphrey,WR,NO,1998-04-19,1998,4,19,2021,23
522,Hunter Bryant,TE,DET,1998-08-20,1998,8,20,2021,23
523,Cornell Powell,WR,FA,1997-10-30,1997,10,30,2021,24
524,Equanimeous St. Brown,WR,GB,1996-09-30,1996,9,30,2021,25
525,Robert Foster,WR,MIA,1994-05-07,1994,5,7,2021,27
527,Josiah Deguara,TE,GB,1997-02-14,1997,2,14,2021,24
528,Tyler Kroft,TE,NYJ,1992-10-15,1992,10,15,2021,29
529,Deon Cain,WR,BAL,1996-08-09,1996,8,9,2021,25
530,Phillip Dorsett II,WR,JAC,1993-01-05,1993,1,5,2021,28
531,Stephen Anderson,TE,LAC,1993-01-30,1993,1,30,2021,28
532,Trey Quinn,WR,LV,1995-12-07,1995,12,7,2021,26
533,Colby Parkinson,TE,SEA,1999-01-08,1999,1,8,2021,22
534,Jared Pinkney,TE,TEN,1997-08-21,1997,8,21,2021,24
536,Raymond Calais,RB,LAR,1998-04-02,1998,4,2,2021,23
537,Taylor Gabriel,WR,FA,1991-02-17,1991,2,17,2021,30
538,Byron Pringle,WR,KC,1993-11-17,1993,11,17,2021,28
540,Chad Beebe,WR,MIN,1994-06-01,1994,6,1,2021,27
542,Jason Witten,TE,LV,1982-05-06,1982,5,6,2021,39
543,Jonathan Williams,RB,WAS,1994-02-02,1994,2,2,2021,27
544,Donte Moncrief,WR,HOU,1993-08-06,1993,8,6,2021,28
545,Justin Watson,WR,TB,1996-04-04,1996,4,4,2021,25
546,Ian Book,QB,FA,1998-03-30,1998,3,30,2021,23
547,Theo Riddick,RB,LV,1991-05-04,1991,5,4,2021,30
548,Nick Mullens,QB,FA,1995-03-21,1995,3,21,2021,26
549,Jake Fromm,QB,BUF,1998-07-30,1998,7,30,2021,23
